method,sequence,frame,pred_file,ref_file,point_count,y_psnr,u_psnr,v_psnr,yuv_psnr_mean,projection_ssim_mean,projection_lpips_mean,pcqm
cg_baseline,OrangeKettlebell,0000,/gpfs/work3/0/prjs0839/data/UVG_CWI_DQPC/UVG-CWI-DQPC/OrangeKettlebell/cg/15fps/OrangeKettlebell_UVG-CWI-DQPC_CG_15_0_169_0000.ply,/gpfs/work3/0/prjs0839/data/UVG_CWI_DQPC/UVG-CWI-DQPC/OrangeKettlebell/he/15fps/OrangeKettlebell_UVG-CWI-DQPC_HE_15_0_169_0000.ply,502941,17.87026437855683,21.369983633346276,24.078122227607267,21.106123413170124,0.6206519121519233,0.459532767534256,0.118726
repkpu_pu1k_4x_selected10,OrangeKettlebell,0000,/gpfs/home2/xzhou/code/PointCloudEnhancement/results/method_outputs/repkpu_pu1k_4x_selected10/OrangeKettlebell/15fps/frame_0000.ply,/gpfs/work3/0/prjs0839/data/UVG_CWI_DQPC/UVG-CWI-DQPC/OrangeKettlebell/he/15fps/OrangeKettlebell_UVG-CWI-DQPC_HE_15_0_169_0000.ply,2011764,17.89751411650755,21.39096755583643,24.095329302281485,21.12793699154182,0.6481895613091595,0.3849041238427162,0.119083
snowflakenet_pu_4x_selected10,OrangeKettlebell,0000,/gpfs/home2/xzhou/code/PointCloudEnhancement/results/method_outputs/snowflakenet_pu_4x_selected10/OrangeKettlebell/15fps/frame_0000.ply,/gpfs/work3/0/prjs0839/data/UVG_CWI_DQPC/UVG-CWI-DQPC/OrangeKettlebell/he/15fps/OrangeKettlebell_UVG-CWI-DQPC_HE_15_0_169_0000.ply,2011764,17.895591653371692,21.38794973246863,24.102141886159732,21.128561090666683,0.6476993288146146,0.3820427854855855,0.118746
pu_gaussian_pu1k_4x_selected10,OrangeKettlebell,0000,/gpfs/home2/xzhou/code/PointCloudEnhancement/results/method_outputs/pu_gaussian_pu1k_4x_selected10/OrangeKettlebell/15fps/frame_0000.ply,/gpfs/work3/0/prjs0839/data/UVG_CWI_DQPC/UVG-CWI-DQPC/OrangeKettlebell/he/15fps/OrangeKettlebell_UVG-CWI-DQPC_HE_15_0_169_0000.ply,2011764,17.86552968319961,21.37070217437182,24.00767460113118,21.08130215290087,0.6430811404892908,0.3834858288367589,0.118681
spu_pointnet_4x_selected10,OrangeKettlebell,0000,/gpfs/home2/xzhou/code/PointCloudEnhancement/results/method_outputs/spu_pointnet_4x_selected10/OrangeKettlebell/15fps/frame_0000.ply,/gpfs/work3/0/prjs0839/data/UVG_CWI_DQPC/UVG-CWI-DQPC/OrangeKettlebell/he/15fps/OrangeKettlebell_UVG-CWI-DQPC_HE_15_0_169_0000.ply,2011764,17.856575000029242,21.371960089258646,24.07549940625762,21.101344831848504,0.6418741784291033,0.3992352982362111,0.119123
cg_baseline,OrangeKettlebell,0010,/gpfs/work3/0/prjs0839/data/UVG_CWI_DQPC/UVG-CWI-DQPC/OrangeKettlebell/cg/15fps/OrangeKettlebell_UVG-CWI-DQPC_CG_15_0_169_0010.ply,/gpfs/work3/0/prjs0839/data/UVG_CWI_DQPC/UVG-CWI-DQPC/OrangeKettlebell/he/15fps/OrangeKettlebell_UVG-CWI-DQPC_HE_15_0_169_0010.ply,564767,18.106273196316515,21.48408873589557,24.26798384545686,21.28611525922298,0.5560633924646526,0.5411478281021118,0.11499
repkpu_pu1k_4x_selected10,OrangeKettlebell,0010,/gpfs/home2/xzhou/code/PointCloudEnhancement/results/method_outputs/repkpu_pu1k_4x_selected10/OrangeKettlebell/15fps/frame_0010.ply,/gpfs/work3/0/prjs0839/data/UVG_CWI_DQPC/UVG-CWI-DQPC/OrangeKettlebell/he/15fps/OrangeKettlebell_UVG-CWI-DQPC_HE_15_0_169_0010.ply,2259068,18.12423230660456,21.480567134769075,24.276692420882142,21.293830620751926,0.5775707907220268,0.4658958613872528,0.114491
snowflakenet_pu_4x_selected10,OrangeKettlebell,0010,/gpfs/home2/xzhou/code/PointCloudEnhancement/results/method_outputs/snowflakenet_pu_4x_selected10/OrangeKettlebell/15fps/frame_0010.ply,/gpfs/work3/0/prjs0839/data/UVG_CWI_DQPC/UVG-CWI-DQPC/OrangeKettlebell/he/15fps/OrangeKettlebell_UVG-CWI-DQPC_HE_15_0_169_0010.ply,2259068,18.114044148921934,21.490223075012906,24.28653156380612,21.29693292924699,0.582752307075627,0.4637627800305684,0.114612
pu_gaussian_pu1k_4x_selected10,OrangeKettlebell,0010,/gpfs/home2/xzhou/code/PointCloudEnhancement/results/method_outputs/pu_gaussian_pu1k_4x_selected10/OrangeKettlebell/15fps/frame_0010.ply,/gpfs/work3/0/prjs0839/data/UVG_CWI_DQPC/UVG-CWI-DQPC/OrangeKettlebell/he/15fps/OrangeKettlebell_UVG-CWI-DQPC_HE_15_0_169_0010.ply,2259068,18.091204842059362,21.48432368866451,24.230257899648286,21.26859547679072,0.5815688205825402,0.45747658610343933,0.114549
spu_pointnet_4x_selected10,OrangeKettlebell,0010,/gpfs/home2/xzhou/code/PointCloudEnhancement/results/method_outputs/spu_pointnet_4x_selected10/OrangeKettlebell/15fps/frame_0010.ply,/gpfs/work3/0/prjs0839/data/UVG_CWI_DQPC/UVG-CWI-DQPC/OrangeKettlebell/he/15fps/OrangeKettlebell_UVG-CWI-DQPC_HE_15_0_169_0010.ply,2259068,18.104259435954837,21.48060331195188,24.267328094100975,21.284063614002566,0.5744382578543453,0.4823828885952632,0.115083
cg_baseline,OrangeKettlebell,0020,/gpfs/work3/0/prjs0839/data/UVG_CWI_DQPC/UVG-CWI-DQPC/OrangeKettlebell/cg/15fps/OrangeKettlebell_UVG-CWI-DQPC_CG_15_0_169_0020.ply,/gpfs/work3/0/prjs0839/data/UVG_CWI_DQPC/UVG-CWI-DQPC/OrangeKettlebell/he/15fps/OrangeKettlebell_UVG-CWI-DQPC_HE_15_0_169_0020.ply,579826,18.262180114518596,21.399467075993453,24.288133086240705,21.31659342558425,0.5984651462798188,0.49704646567503613,0.112542
repkpu_pu1k_4x_selected10,OrangeKettlebell,0020,/gpfs/home2/xzhou/code/PointCloudEnhancement/results/method_outputs/repkpu_pu1k_4x_selected10/OrangeKettlebell/15fps/frame_0020.ply,/gpfs/work3/0/prjs0839/data/UVG_CWI_DQPC/UVG-CWI-DQPC/OrangeKettlebell/he/15fps/OrangeKettlebell_UVG-CWI-DQPC_HE_15_0_169_0020.ply,2319304,18.22218579855035,21.435988269599726,24.213706712629534,21.290626926926535,0.6166956882433069,0.43059205015500385,0.112187
snowflakenet_pu_4x_selected10,OrangeKettlebell,0020,/gpfs/home2/xzhou/code/PointCloudEnhancement/results/method_outputs/snowflakenet_pu_4x_selected10/OrangeKettlebell/15fps/frame_0020.ply,/gpfs/work3/0/prjs0839/data/UVG_CWI_DQPC/UVG-CWI-DQPC/OrangeKettlebell/he/15fps/OrangeKettlebell_UVG-CWI-DQPC_HE_15_0_169_0020.ply,2319304,18.228913783289578,21.450490053559335,24.25907124867078,21.312825028506563,0.6208312015125145,0.4215770736336708,0.111991
pu_gaussian_pu1k_4x_selected10,OrangeKettlebell,0020,/gpfs/home2/xzhou/code/PointCloudEnhancement/results/method_outputs/pu_gaussian_pu1k_4x_selected10/OrangeKettlebell/15fps/frame_0020.ply,/gpfs/work3/0/prjs0839/data/UVG_CWI_DQPC/UVG-CWI-DQPC/OrangeKettlebell/he/15fps/OrangeKettlebell_UVG-CWI-DQPC_HE_15_0_169_0020.ply,2319304,18.22298035126097,21.504294856207792,24.39919795002686,21.375491052498543,0.6190863622894344,0.4249848524729411,0.111597
spu_pointnet_4x_selected10,OrangeKettlebell,0020,/gpfs/home2/xzhou/code/PointCloudEnhancement/results/method_outputs/spu_pointnet_4x_selected10/OrangeKettlebell/15fps/frame_0020.ply,/gpfs/work3/0/prjs0839/data/UVG_CWI_DQPC/UVG-CWI-DQPC/OrangeKettlebell/he/15fps/OrangeKettlebell_UVG-CWI-DQPC_HE_15_0_169_0020.ply,2319304,18.263691647312797,21.395416777164478,24.28056598338088,21.313224802619384,0.6131154065191445,0.4480629116296768,0.112507
cg_baseline,OrangeKettlebell,0030,/gpfs/work3/0/prjs0839/data/UVG_CWI_DQPC/UVG-CWI-DQPC/OrangeKettlebell/cg/15fps/OrangeKettlebell_UVG-CWI-DQPC_CG_15_0_169_0030.ply,/gpfs/work3/0/prjs0839/data/UVG_CWI_DQPC/UVG-CWI-DQPC/OrangeKettlebell/he/15fps/OrangeKettlebell_UVG-CWI-DQPC_HE_15_0_169_0030.ply,568123,18.02400798769649,21.23961039710649,23.881870516410395,21.04849630040446,0.6794720723262954,0.3990166634321213,0.111331
repkpu_pu1k_4x_selected10,OrangeKettlebell,0030,/gpfs/home2/xzhou/code/PointCloudEnhancement/results/method_outputs/repkpu_pu1k_4x_selected10/OrangeKettlebell/15fps/frame_0030.ply,/gpfs/work3/0/prjs0839/data/UVG_CWI_DQPC/UVG-CWI-DQPC/OrangeKettlebell/he/15fps/OrangeKettlebell_UVG-CWI-DQPC_HE_15_0_169_0030.ply,2272492,17.981674101076923,21.26205882816735,23.68780866493096,20.977180531391742,0.6928617367950473,0.35675174991289776,0.112275
snowflakenet_pu_4x_selected10,OrangeKettlebell,0030,/gpfs/home2/xzhou/code/PointCloudEnhancement/results/method_outputs/snowflakenet_pu_4x_selected10/OrangeKettlebell/15fps/frame_0030.ply,/gpfs/work3/0/prjs0839/data/UVG_CWI_DQPC/UVG-CWI-DQPC/OrangeKettlebell/he/15fps/OrangeKettlebell_UVG-CWI-DQPC_HE_15_0_169_0030.ply,2272492,18.008552352966213,21.27019064899841,23.75715290357804,21.011965301847553,0.6940580684327399,0.3575453559557597,0.111885
pu_gaussian_pu1k_4x_selected10,OrangeKettlebell,0030,/gpfs/home2/xzhou/code/PointCloudEnhancement/results/method_outputs/pu_gaussian_pu1k_4x_selected10/OrangeKettlebell/15fps/frame_0030.ply,/gpfs/work3/0/prjs0839/data/UVG_CWI_DQPC/UVG-CWI-DQPC/OrangeKettlebell/he/15fps/OrangeKettlebell_UVG-CWI-DQPC_HE_15_0_169_0030.ply,2272492,18.00293167655846,21.263670633195233,23.80208306122568,21.02289512365979,0.6932778451418345,0.34916674594084424,0.112374
spu_pointnet_4x_selected10,OrangeKettlebell,0030,/gpfs/home2/xzhou/code/PointCloudEnhancement/results/method_outputs/spu_pointnet_4x_selected10/OrangeKettlebell/15fps/frame_0030.ply,/gpfs/work3/0/prjs0839/data/UVG_CWI_DQPC/UVG-CWI-DQPC/OrangeKettlebell/he/15fps/OrangeKettlebell_UVG-CWI-DQPC_HE_15_0_169_0030.ply,2272492,18.01863780618997,21.238459349555693,23.869158010666826,21.04208505547083,0.6902271291599317,0.3680732697248459,0.111493
cg_baseline,OrangeKettlebell,0040,/gpfs/work3/0/prjs0839/data/UVG_CWI_DQPC/UVG-CWI-DQPC/OrangeKettlebell/cg/15fps/OrangeKettlebell_UVG-CWI-DQPC_CG_15_0_169_0040.ply,/gpfs/work3/0/prjs0839/data/UVG_CWI_DQPC/UVG-CWI-DQPC/OrangeKettlebell/he/15fps/OrangeKettlebell_UVG-CWI-DQPC_HE_15_0_169_0040.ply,533099,18.28187251136142,21.6939510578231,23.764079328141595,21.246634299108706,0.642588186844978,0.4225901911656062,0.114391
repkpu_pu1k_4x_selected10,OrangeKettlebell,0040,/gpfs/home2/xzhou/code/PointCloudEnhancement/results/method_outputs/repkpu_pu1k_4x_selected10/OrangeKettlebell/15fps/frame_0040.ply,/gpfs/work3/0/prjs0839/data/UVG_CWI_DQPC/UVG-CWI-DQPC/OrangeKettlebell/he/15fps/OrangeKettlebell_UVG-CWI-DQPC_HE_15_0_169_0040.ply,2132396,18.25821585127483,21.705352249529806,23.74361798242282,21.23572869440915,0.662885189789994,0.35550110042095184,0.114639
snowflakenet_pu_4x_selected10,OrangeKettlebell,0040,/gpfs/home2/xzhou/code/PointCloudEnhancement/results/method_outputs/snowflakenet_pu_4x_selected10/OrangeKettlebell/15fps/frame_0040.ply,/gpfs/work3/0/prjs0839/data/UVG_CWI_DQPC/UVG-CWI-DQPC/OrangeKettlebell/he/15fps/OrangeKettlebell_UVG-CWI-DQPC_HE_15_0_169_0040.ply,2132396,18.25355656169114,21.71499517535669,23.749545254399564,21.2393656638158,0.6642831308823387,0.3532362679640452,0.114391
pu_gaussian_pu1k_4x_selected10,OrangeKettlebell,0040,/gpfs/home2/xzhou/code/PointCloudEnhancement/results/method_outputs/pu_gaussian_pu1k_4x_selected10/OrangeKettlebell/15fps/frame_0040.ply,/gpfs/work3/0/prjs0839/data/UVG_CWI_DQPC/UVG-CWI-DQPC/OrangeKettlebell/he/15fps/OrangeKettlebell_UVG-CWI-DQPC_HE_15_0_169_0040.ply,2132396,18.200575704909745,21.731347651793975,23.786373748230588,21.239432368311437,0.6636048188138431,0.3507263734936714,0.115766
spu_pointnet_4x_selected10,OrangeKettlebell,0040,/gpfs/home2/xzhou/code/PointCloudEnhancement/results/method_outputs/spu_pointnet_4x_selected10/OrangeKettlebell/15fps/frame_0040.ply,/gpfs/work3/0/prjs0839/data/UVG_CWI_DQPC/UVG-CWI-DQPC/OrangeKettlebell/he/15fps/OrangeKettlebell_UVG-CWI-DQPC_HE_15_0_169_0040.ply,2132396,18.27631918647056,21.693920514308736,23.75589586273228,21.242045187837192,0.6580708451263901,0.37123948335647583,0.114746
cg_baseline,OrangeKettlebell,0050,/gpfs/work3/0/prjs0839/data/UVG_CWI_DQPC/UVG-CWI-DQPC/OrangeKettlebell/cg/15fps/OrangeKettlebell_UVG-CWI-DQPC_CG_15_0_169_0050.ply,/gpfs/work3/0/prjs0839/data/UVG_CWI_DQPC/UVG-CWI-DQPC/OrangeKettlebell/he/15fps/OrangeKettlebell_UVG-CWI-DQPC_HE_15_0_169_0050.ply,590573,18.327244050104014,21.452983375962766,24.326564089942362,21.36893050533638,0.6028442028279529,0.49220892786979675,0.112588
repkpu_pu1k_4x_selected10,OrangeKettlebell,0050,/gpfs/home2/xzhou/code/PointCloudEnhancement/results/method_outputs/repkpu_pu1k_4x_selected10/OrangeKettlebell/15fps/frame_0050.ply,/gpfs/work3/0/prjs0839/data/UVG_CWI_DQPC/UVG-CWI-DQPC/OrangeKettlebell/he/15fps/OrangeKettlebell_UVG-CWI-DQPC_HE_15_0_169_0050.ply,2362292,18.325116388419882,21.465598931443555,24.23622193752764,21.342312419130362,0.629879476070692,0.42873356739679974,0.111481
snowflakenet_pu_4x_selected10,OrangeKettlebell,0050,/gpfs/home2/xzhou/code/PointCloudEnhancement/results/method_outputs/snowflakenet_pu_4x_selected10/OrangeKettlebell/15fps/frame_0050.ply,/gpfs/work3/0/prjs0839/data/UVG_CWI_DQPC/UVG-CWI-DQPC/OrangeKettlebell/he/15fps/OrangeKettlebell_UVG-CWI-DQPC_HE_15_0_169_0050.ply,2362292,18.313059947176214,21.472797791561653,24.287838674588805,21.357898804442225,0.6298000120785389,0.428550456960996,0.111763
pu_gaussian_pu1k_4x_selected10,OrangeKettlebell,0050,/gpfs/home2/xzhou/code/PointCloudEnhancement/results/method_outputs/pu_gaussian_pu1k_4x_selected10/OrangeKettlebell/15fps/frame_0050.ply,/gpfs/work3/0/prjs0839/data/UVG_CWI_DQPC/UVG-CWI-DQPC/OrangeKettlebell/he/15fps/OrangeKettlebell_UVG-CWI-DQPC_HE_15_0_169_0050.ply,2362292,18.345976977815134,21.503874368311383,24.277734822420065,21.37586205618219,0.6228183686132372,0.4340374122063319,0.111236
spu_pointnet_4x_selected10,OrangeKettlebell,0050,/gpfs/home2/xzhou/code/PointCloudEnhancement/results/method_outputs/spu_pointnet_4x_selected10/OrangeKettlebell/15fps/frame_0050.ply,/gpfs/work3/0/prjs0839/data/UVG_CWI_DQPC/UVG-CWI-DQPC/OrangeKettlebell/he/15fps/OrangeKettlebell_UVG-CWI-DQPC_HE_15_0_169_0050.ply,2362292,18.32048337869619,21.4498370047767,24.323737323743895,21.364685902405597,0.6201397087314707,0.4469921439886093,0.11282
cg_baseline,OrangeKettlebell,0060,/gpfs/work3/0/prjs0839/data/UVG_CWI_DQPC/UVG-CWI-DQPC/OrangeKettlebell/cg/15fps/OrangeKettlebell_UVG-CWI-DQPC_CG_15_0_169_0060.ply,/gpfs/work3/0/prjs0839/data/UVG_CWI_DQPC/UVG-CWI-DQPC/OrangeKettlebell/he/15fps/OrangeKettlebell_UVG-CWI-DQPC_HE_15_0_169_0060.ply,599608,18.025198700712412,21.04499596354157,23.516939257106507,20.86237797378683,0.6657305671587262,0.42755546669165295,0.114788
repkpu_pu1k_4x_selected10,OrangeKettlebell,0060,/gpfs/home2/xzhou/code/PointCloudEnhancement/results/method_outputs/repkpu_pu1k_4x_selected10/OrangeKettlebell/15fps/frame_0060.ply,/gpfs/work3/0/prjs0839/data/UVG_CWI_DQPC/UVG-CWI-DQPC/OrangeKettlebell/he/15fps/OrangeKettlebell_UVG-CWI-DQPC_HE_15_0_169_0060.ply,2398432,17.938543009171635,21.079792864571388,23.537535064786347,20.85195697950979,0.6744300752738907,0.39621761937936145,0.115959
snowflakenet_pu_4x_selected10,OrangeKettlebell,0060,/gpfs/home2/xzhou/code/PointCloudEnhancement/results/method_outputs/snowflakenet_pu_4x_selected10/OrangeKettlebell/15fps/frame_0060.ply,/gpfs/work3/0/prjs0839/data/UVG_CWI_DQPC/UVG-CWI-DQPC/OrangeKettlebell/he/15fps/OrangeKettlebell_UVG-CWI-DQPC_HE_15_0_169_0060.ply,2398432,17.9403227369935,21.082689289019104,23.527280745125267,20.850097590379292,0.6747033203987867,0.39708325266838074,0.11567
pu_gaussian_pu1k_4x_selected10,OrangeKettlebell,0060,/gpfs/home2/xzhou/code/PointCloudEnhancement/results/method_outputs/pu_gaussian_pu1k_4x_selected10/OrangeKettlebell/15fps/frame_0060.ply,/gpfs/work3/0/prjs0839/data/UVG_CWI_DQPC/UVG-CWI-DQPC/OrangeKettlebell/he/15fps/OrangeKettlebell_UVG-CWI-DQPC_HE_15_0_169_0060.ply,2398432,17.96095671395033,21.08344406302321,23.450994385118328,20.831798387363957,0.6757531790970562,0.39172298709551495,0.114966
spu_pointnet_4x_selected10,OrangeKettlebell,0060,/gpfs/home2/xzhou/code/PointCloudEnhancement/results/method_outputs/spu_pointnet_4x_selected10/OrangeKettlebell/15fps/frame_0060.ply,/gpfs/work3/0/prjs0839/data/UVG_CWI_DQPC/UVG-CWI-DQPC/OrangeKettlebell/he/15fps/OrangeKettlebell_UVG-CWI-DQPC_HE_15_0_169_0060.ply,2398432,18.039818215347047,21.041985717740996,23.518222271556454,20.866675401548164,0.6743230135521784,0.39968934158484143,0.114745
cg_baseline,OrangeKettlebell,0070,/gpfs/work3/0/prjs0839/data/UVG_CWI_DQPC/UVG-CWI-DQPC/OrangeKettlebell/cg/15fps/OrangeKettlebell_UVG-CWI-DQPC_CG_15_0_169_0070.ply,/gpfs/work3/0/prjs0839/data/UVG_CWI_DQPC/UVG-CWI-DQPC/OrangeKettlebell/he/15fps/OrangeKettlebell_UVG-CWI-DQPC_HE_15_0_169_0070.ply,504510,18.023398167990845,21.93283479056774,23.26447361217941,21.073568856912665,0.6468107274053888,0.4320121208826701,0.122951
repkpu_pu1k_4x_selected10,OrangeKettlebell,0070,/gpfs/home2/xzhou/code/PointCloudEnhancement/results/method_outputs/repkpu_pu1k_4x_selected10/OrangeKettlebell/15fps/frame_0070.ply,/gpfs/work3/0/prjs0839/data/UVG_CWI_DQPC/UVG-CWI-DQPC/OrangeKettlebell/he/15fps/OrangeKettlebell_UVG-CWI-DQPC_HE_15_0_169_0070.ply,2018040,17.99682976623874,21.944626075120517,23.23574030114731,21.059065380835523,0.6675946015740347,0.36883939802646637,0.123605
snowflakenet_pu_4x_selected10,OrangeKettlebell,0070,/gpfs/home2/xzhou/code/PointCloudEnhancement/results/method_outputs/snowflakenet_pu_4x_selected10/OrangeKettlebell/15fps/frame_0070.ply,/gpfs/work3/0/prjs0839/data/UVG_CWI_DQPC/UVG-CWI-DQPC/OrangeKettlebell/he/15fps/OrangeKettlebell_UVG-CWI-DQPC_HE_15_0_169_0070.ply,2018040,17.987065708287123,21.937259146845562,23.222140757408585,21.04882187084709,0.6679848908521441,0.36715583006540936,0.123167
pu_gaussian_pu1k_4x_selected10,OrangeKettlebell,0070,/gpfs/home2/xzhou/code/PointCloudEnhancement/results/method_outputs/pu_gaussian_pu1k_4x_selected10/OrangeKettlebell/15fps/frame_0070.ply,/gpfs/work3/0/prjs0839/data/UVG_CWI_DQPC/UVG-CWI-DQPC/OrangeKettlebell/he/15fps/OrangeKettlebell_UVG-CWI-DQPC_HE_15_0_169_0070.ply,2018040,17.997400333078147,21.93302017465194,23.30081760687306,21.077079371534385,0.6678775488847987,0.3631400838494301,0.123512
spu_pointnet_4x_selected10,OrangeKettlebell,0070,/gpfs/home2/xzhou/code/PointCloudEnhancement/results/method_outputs/spu_pointnet_4x_selected10/OrangeKettlebell/15fps/frame_0070.ply,/gpfs/work3/0/prjs0839/data/UVG_CWI_DQPC/UVG-CWI-DQPC/OrangeKettlebell/he/15fps/OrangeKettlebell_UVG-CWI-DQPC_HE_15_0_169_0070.ply,2018040,18.0132803277376,21.93443876242914,23.262936647611927,21.070218579259556,0.6627670361793366,0.3866276393334071,0.123157
cg_baseline,OrangeKettlebell,0080,/gpfs/work3/0/prjs0839/data/UVG_CWI_DQPC/UVG-CWI-DQPC/OrangeKettlebell/cg/15fps/OrangeKettlebell_UVG-CWI-DQPC_CG_15_0_169_0080.ply,/gpfs/work3/0/prjs0839/data/UVG_CWI_DQPC/UVG-CWI-DQPC/OrangeKettlebell/he/15fps/OrangeKettlebell_UVG-CWI-DQPC_HE_15_0_169_0080.ply,574138,18.321254231046897,21.742560693343773,24.552783597261875,21.538866173884184,0.5828735766484084,0.5079619437456131,0.111521
repkpu_pu1k_4x_selected10,OrangeKettlebell,0080,/gpfs/home2/xzhou/code/PointCloudEnhancement/results/method_outputs/repkpu_pu1k_4x_selected10/OrangeKettlebell/15fps/frame_0080.ply,/gpfs/work3/0/prjs0839/data/UVG_CWI_DQPC/UVG-CWI-DQPC/OrangeKettlebell/he/15fps/OrangeKettlebell_UVG-CWI-DQPC_HE_15_0_169_0080.ply,2296552,18.258156372996524,21.720681334244695,24.397694298993652,21.45884400207829,0.602896863592267,0.4422765423854192,0.112432
snowflakenet_pu_4x_selected10,OrangeKettlebell,0080,/gpfs/home2/xzhou/code/PointCloudEnhancement/results/method_outputs/snowflakenet_pu_4x_selected10/OrangeKettlebell/15fps/frame_0080.ply,/gpfs/work3/0/prjs0839/data/UVG_CWI_DQPC/UVG-CWI-DQPC/OrangeKettlebell/he/15fps/OrangeKettlebell_UVG-CWI-DQPC_HE_15_0_169_0080.ply,2296552,18.22265432855116,21.73182321530184,24.39220843495857,21.44889532627052,0.6058844944463795,0.43392180899779004,0.11263
pu_gaussian_pu1k_4x_selected10,OrangeKettlebell,0080,/gpfs/home2/xzhou/code/PointCloudEnhancement/results/method_outputs/pu_gaussian_pu1k_4x_selected10/OrangeKettlebell/15fps/frame_0080.ply,/gpfs/work3/0/prjs0839/data/UVG_CWI_DQPC/UVG-CWI-DQPC/OrangeKettlebell/he/15fps/OrangeKettlebell_UVG-CWI-DQPC_HE_15_0_169_0080.ply,2296552,18.21637024950495,21.759957646060364,24.41564988954674,21.463992595037354,0.6050930646997087,0.43786833186944324,0.113068
spu_pointnet_4x_selected10,OrangeKettlebell,0080,/gpfs/home2/xzhou/code/PointCloudEnhancement/results/method_outputs/spu_pointnet_4x_selected10/OrangeKettlebell/15fps/frame_0080.ply,/gpfs/work3/0/prjs0839/data/UVG_CWI_DQPC/UVG-CWI-DQPC/OrangeKettlebell/he/15fps/OrangeKettlebell_UVG-CWI-DQPC_HE_15_0_169_0080.ply,2296552,18.31395834358264,21.740186538185558,24.55313142201958,21.535758767929256,0.5990978041291729,0.4582950274149577,0.111677
cg_baseline,OrangeKettlebell,0090,/gpfs/work3/0/prjs0839/data/UVG_CWI_DQPC/UVG-CWI-DQPC/OrangeKettlebell/cg/15fps/OrangeKettlebell_UVG-CWI-DQPC_CG_15_0_169_0090.ply,/gpfs/work3/0/prjs0839/data/UVG_CWI_DQPC/UVG-CWI-DQPC/OrangeKettlebell/he/15fps/OrangeKettlebell_UVG-CWI-DQPC_HE_15_0_169_0090.ply,584096,17.952167952791026,21.12192339693982,23.505421586680924,20.85983764547059,0.5948673049304473,0.5049834201733271,0.113529
repkpu_pu1k_4x_selected10,OrangeKettlebell,0090,/gpfs/home2/xzhou/code/PointCloudEnhancement/results/method_outputs/repkpu_pu1k_4x_selected10/OrangeKettlebell/15fps/frame_0090.ply,/gpfs/work3/0/prjs0839/data/UVG_CWI_DQPC/UVG-CWI-DQPC/OrangeKettlebell/he/15fps/OrangeKettlebell_UVG-CWI-DQPC_HE_15_0_169_0090.ply,2336384,17.914250818200593,21.162735148712894,23.424990093032406,20.833992019981963,0.613677890125719,0.4396827618281047,0.113814
snowflakenet_pu_4x_selected10,OrangeKettlebell,0090,/gpfs/home2/xzhou/code/PointCloudEnhancement/results/method_outputs/snowflakenet_pu_4x_selected10/OrangeKettlebell/15fps/frame_0090.ply,/gpfs/work3/0/prjs0839/data/UVG_CWI_DQPC/UVG-CWI-DQPC/OrangeKettlebell/he/15fps/OrangeKettlebell_UVG-CWI-DQPC_HE_15_0_169_0090.ply,2336384,17.90974697476237,21.17505953394944,23.42551815131503,20.836774886675613,0.617716443666447,0.4339897682269414,0.113599
pu_gaussian_pu1k_4x_selected10,OrangeKettlebell,0090,/gpfs/home2/xzhou/code/PointCloudEnhancement/results/method_outputs/pu_gaussian_pu1k_4x_selected10/OrangeKettlebell/15fps/frame_0090.ply,/gpfs/work3/0/prjs0839/data/UVG_CWI_DQPC/UVG-CWI-DQPC/OrangeKettlebell/he/15fps/OrangeKettlebell_UVG-CWI-DQPC_HE_15_0_169_0090.ply,2336384,17.86869871028889,21.182262721071993,23.3709368537773,20.807299428379395,0.6168001300897582,0.4313795914252599,0.114979
spu_pointnet_4x_selected10,OrangeKettlebell,0090,/gpfs/home2/xzhou/code/PointCloudEnhancement/results/method_outputs/spu_pointnet_4x_selected10/OrangeKettlebell/15fps/frame_0090.ply,/gpfs/work3/0/prjs0839/data/UVG_CWI_DQPC/UVG-CWI-DQPC/OrangeKettlebell/he/15fps/OrangeKettlebell_UVG-CWI-DQPC_HE_15_0_169_0090.ply,2336384,17.949948755209405,21.121415050533148,23.503104099025936,20.85815596825616,0.6116312729015921,0.45281046628952026,0.113789
