method,sequence,frame,view,projection_ssim,projection_lpips
cg_baseline,OrangeKettlebell,0000,x_pos,0.4832250534275351,0.6372741460800171
cg_baseline,OrangeKettlebell,0000,x_neg,0.49341684525370977,0.6415491104125977
cg_baseline,OrangeKettlebell,0000,y_pos,0.6505857388190305,0.4262535572052002
cg_baseline,OrangeKettlebell,0000,y_neg,0.6416065945357903,0.44836634397506714
cg_baseline,OrangeKettlebell,0000,z_pos,0.7246408923202257,0.30343860387802124
cg_baseline,OrangeKettlebell,0000,z_neg,0.7304363485552482,0.30031484365463257
pufm_pugan_4x_selected10,OrangeKettlebell,0000,x_pos,0.5512076629728945,0.5057331323623657
pufm_pugan_4x_selected10,OrangeKettlebell,0000,x_neg,0.5683658091254253,0.5081614255905151
pufm_pugan_4x_selected10,OrangeKettlebell,0000,y_pos,0.6997709969829363,0.3880825936794281
pufm_pugan_4x_selected10,OrangeKettlebell,0000,y_neg,0.6832367565014171,0.40889284014701843
pufm_pugan_4x_selected10,OrangeKettlebell,0000,z_pos,0.7182907986081174,0.3229098618030548
pufm_pugan_4x_selected10,OrangeKettlebell,0000,z_neg,0.7225623305466882,0.3211551904678345
gradpu_chunked_4x_selected10,OrangeKettlebell,0000,x_pos,0.5101301523701073,0.5451695919036865
gradpu_chunked_4x_selected10,OrangeKettlebell,0000,x_neg,0.5293715897769087,0.5422475934028625
gradpu_chunked_4x_selected10,OrangeKettlebell,0000,y_pos,0.6727784030844354,0.3937680721282959
gradpu_chunked_4x_selected10,OrangeKettlebell,0000,y_neg,0.6534025386092114,0.4147668182849884
gradpu_chunked_4x_selected10,OrangeKettlebell,0000,z_pos,0.7323075933709734,0.28859812021255493
gradpu_chunked_4x_selected10,OrangeKettlebell,0000,z_neg,0.7383085299912038,0.28464823961257935
cg_baseline,OrangeKettlebell,0010,x_pos,0.48464137094320625,0.6333308815956116
cg_baseline,OrangeKettlebell,0010,x_neg,0.49224824156196406,0.6434945464134216
cg_baseline,OrangeKettlebell,0010,y_pos,0.48564522992248643,0.6463962197303772
cg_baseline,OrangeKettlebell,0010,y_neg,0.47634197503001596,0.646045446395874
cg_baseline,OrangeKettlebell,0010,z_pos,0.6968214626603677,0.3377887010574341
cg_baseline,OrangeKettlebell,0010,z_neg,0.7006820746698755,0.3398311734199524
pufm_pugan_4x_selected10,OrangeKettlebell,0010,x_pos,0.49981797266986816,0.5784042477607727
pufm_pugan_4x_selected10,OrangeKettlebell,0010,x_neg,0.513889397857047,0.582563042640686
pufm_pugan_4x_selected10,OrangeKettlebell,0010,y_pos,0.5569174706885858,0.5316755771636963
pufm_pugan_4x_selected10,OrangeKettlebell,0010,y_neg,0.541153163646018,0.5405378937721252
pufm_pugan_4x_selected10,OrangeKettlebell,0010,z_pos,0.7247812120637636,0.3029934763908386
pufm_pugan_4x_selected10,OrangeKettlebell,0010,z_neg,0.726235148470316,0.30834776163101196
gradpu_chunked_4x_selected10,OrangeKettlebell,0010,x_pos,0.5078342444626901,0.5446674227714539
gradpu_chunked_4x_selected10,OrangeKettlebell,0010,x_neg,0.5227524071257661,0.5544230341911316
gradpu_chunked_4x_selected10,OrangeKettlebell,0010,y_pos,0.5081069402860507,0.5631788969039917
gradpu_chunked_4x_selected10,OrangeKettlebell,0010,y_neg,0.49439836704061,0.5724406838417053
gradpu_chunked_4x_selected10,OrangeKettlebell,0010,z_pos,0.7082308358145649,0.2987270653247833
gradpu_chunked_4x_selected10,OrangeKettlebell,0010,z_neg,0.7112676546372839,0.3014205992221832
cg_baseline,OrangeKettlebell,0020,x_pos,0.5018605253434459,0.6258913278579712
cg_baseline,OrangeKettlebell,0020,x_neg,0.510388148568865,0.6295903921127319
cg_baseline,OrangeKettlebell,0020,y_pos,0.5450771833343023,0.5773203372955322
cg_baseline,OrangeKettlebell,0020,y_neg,0.537522274177423,0.5963820219039917
cg_baseline,OrangeKettlebell,0020,z_pos,0.7449487027447569,0.2760564088821411
cg_baseline,OrangeKettlebell,0020,z_neg,0.75099404351012,0.2770383059978485
pufm_pugan_4x_selected10,OrangeKettlebell,0020,x_pos,0.5197261797910903,0.583518385887146
pufm_pugan_4x_selected10,OrangeKettlebell,0020,x_neg,0.5296559818297748,0.5843421220779419
pufm_pugan_4x_selected10,OrangeKettlebell,0020,y_pos,0.5721634995690454,0.49700114130973816
pufm_pugan_4x_selected10,OrangeKettlebell,0020,y_neg,0.5579625068962902,0.5137678384780884
pufm_pugan_4x_selected10,OrangeKettlebell,0020,z_pos,0.7544916354186709,0.2594241499900818
pufm_pugan_4x_selected10,OrangeKettlebell,0020,z_neg,0.7591352369207732,0.2619042992591858
gradpu_chunked_4x_selected10,OrangeKettlebell,0020,x_pos,0.5322724930061778,0.5347017645835876
gradpu_chunked_4x_selected10,OrangeKettlebell,0020,x_neg,0.5421743981033639,0.5355437994003296
gradpu_chunked_4x_selected10,OrangeKettlebell,0020,y_pos,0.5620966313324498,0.512162446975708
gradpu_chunked_4x_selected10,OrangeKettlebell,0020,y_neg,0.548649366909562,0.5277013778686523
gradpu_chunked_4x_selected10,OrangeKettlebell,0020,z_pos,0.7489772747729814,0.2556430697441101
gradpu_chunked_4x_selected10,OrangeKettlebell,0020,z_neg,0.7543393831329791,0.2579565942287445
cg_baseline,OrangeKettlebell,0030,x_pos,0.5568684635602446,0.5409179925918579
cg_baseline,OrangeKettlebell,0030,x_neg,0.5714773346094639,0.5438688397407532
cg_baseline,OrangeKettlebell,0030,y_pos,0.7252341546238172,0.35643553733825684
cg_baseline,OrangeKettlebell,0030,y_neg,0.7204890772943685,0.3791927397251129
cg_baseline,OrangeKettlebell,0030,z_pos,0.7474946809185035,0.2870800495147705
cg_baseline,OrangeKettlebell,0030,z_neg,0.7552687229513744,0.2866048216819763
pufm_pugan_4x_selected10,OrangeKettlebell,0030,x_pos,0.5666180441561649,0.5205596089363098
pufm_pugan_4x_selected10,OrangeKettlebell,0030,x_neg,0.5886762565382565,0.5222768783569336
pufm_pugan_4x_selected10,OrangeKettlebell,0030,y_pos,0.7347186922185084,0.3762316107749939
pufm_pugan_4x_selected10,OrangeKettlebell,0030,y_neg,0.7307399883001833,0.3919249176979065
pufm_pugan_4x_selected10,OrangeKettlebell,0030,z_pos,0.7536439723778278,0.2916213274002075
pufm_pugan_4x_selected10,OrangeKettlebell,0030,z_neg,0.7598235612583375,0.29366999864578247
gradpu_chunked_4x_selected10,OrangeKettlebell,0030,x_pos,0.5749941109268705,0.47022077441215515
gradpu_chunked_4x_selected10,OrangeKettlebell,0030,x_neg,0.5992255946910618,0.47422295808792114
gradpu_chunked_4x_selected10,OrangeKettlebell,0030,y_pos,0.7312204790993282,0.3634047508239746
gradpu_chunked_4x_selected10,OrangeKettlebell,0030,y_neg,0.7265960942636434,0.38184162974357605
gradpu_chunked_4x_selected10,OrangeKettlebell,0030,z_pos,0.7516254921158417,0.28687745332717896
gradpu_chunked_4x_selected10,OrangeKettlebell,0030,z_neg,0.7581881778370505,0.28086209297180176
cg_baseline,OrangeKettlebell,0040,x_pos,0.5051589283496293,0.6070131659507751
cg_baseline,OrangeKettlebell,0040,x_neg,0.5142968397314771,0.608950138092041
cg_baseline,OrangeKettlebell,0040,y_pos,0.683125220553012,0.370476096868515
cg_baseline,OrangeKettlebell,0040,y_neg,0.6759863295019302,0.3951681852340698
cg_baseline,OrangeKettlebell,0040,z_pos,0.7364779431991014,0.2781278192996979
cg_baseline,OrangeKettlebell,0040,z_neg,0.7404838597347183,0.2758057415485382
pufm_pugan_4x_selected10,OrangeKettlebell,0040,x_pos,0.5282922894869109,0.5442855954170227
pufm_pugan_4x_selected10,OrangeKettlebell,0040,x_neg,0.5460409627775357,0.5515657663345337
pufm_pugan_4x_selected10,OrangeKettlebell,0040,y_pos,0.7072875588642334,0.33420395851135254
pufm_pugan_4x_selected10,OrangeKettlebell,0040,y_neg,0.698188682999473,0.354561448097229
pufm_pugan_4x_selected10,OrangeKettlebell,0040,z_pos,0.748215436196959,0.24545028805732727
pufm_pugan_4x_selected10,OrangeKettlebell,0040,z_neg,0.7502185242466367,0.24980399012565613
gradpu_chunked_4x_selected10,OrangeKettlebell,0040,x_pos,0.5319271002804457,0.5069717168807983
gradpu_chunked_4x_selected10,OrangeKettlebell,0040,x_neg,0.5522006783793508,0.5134465098381042
gradpu_chunked_4x_selected10,OrangeKettlebell,0040,y_pos,0.699140136569323,0.33426398038864136
gradpu_chunked_4x_selected10,OrangeKettlebell,0040,y_neg,0.6904020943693913,0.3557194769382477
gradpu_chunked_4x_selected10,OrangeKettlebell,0040,z_pos,0.7408814898878705,0.2447507083415985
gradpu_chunked_4x_selected10,OrangeKettlebell,0040,z_neg,0.743593983671237,0.23923549056053162
cg_baseline,OrangeKettlebell,0050,x_pos,0.5253158569472689,0.6014392971992493
cg_baseline,OrangeKettlebell,0050,x_neg,0.5312544288567778,0.6144236326217651
cg_baseline,OrangeKettlebell,0050,y_pos,0.5468503578486023,0.5701625943183899
cg_baseline,OrangeKettlebell,0050,y_neg,0.5398016445151975,0.5815996527671814
cg_baseline,OrangeKettlebell,0050,z_pos,0.7351502960839609,0.29310142993927
cg_baseline,OrangeKettlebell,0050,z_neg,0.7386926327159101,0.2925269603729248
pufm_pugan_4x_selected10,OrangeKettlebell,0050,x_pos,0.5829224215823677,0.5224378108978271
pufm_pugan_4x_selected10,OrangeKettlebell,0050,x_neg,0.5872661871847882,0.5247879028320312
pufm_pugan_4x_selected10,OrangeKettlebell,0050,y_pos,0.6146000009100007,0.48532018065452576
pufm_pugan_4x_selected10,OrangeKettlebell,0050,y_neg,0.6009064398512093,0.5077944397926331
pufm_pugan_4x_selected10,OrangeKettlebell,0050,z_pos,0.7421570130979473,0.27996277809143066
pufm_pugan_4x_selected10,OrangeKettlebell,0050,z_neg,0.7442609039819748,0.27796435356140137
gradpu_chunked_4x_selected10,OrangeKettlebell,0050,x_pos,0.553320040054897,0.5269486904144287
gradpu_chunked_4x_selected10,OrangeKettlebell,0050,x_neg,0.5602781216408094,0.5339975357055664
gradpu_chunked_4x_selected10,OrangeKettlebell,0050,y_pos,0.5656565586327981,0.5170184373855591
gradpu_chunked_4x_selected10,OrangeKettlebell,0050,y_neg,0.5507374569636895,0.5355055928230286
gradpu_chunked_4x_selected10,OrangeKettlebell,0050,z_pos,0.73841438038726,0.2850274443626404
gradpu_chunked_4x_selected10,OrangeKettlebell,0050,z_neg,0.7420087286679148,0.2829081118106842
cg_baseline,OrangeKettlebell,0060,x_pos,0.5780310159508807,0.5248764753341675
cg_baseline,OrangeKettlebell,0060,x_neg,0.5926466215094837,0.5292774438858032
cg_baseline,OrangeKettlebell,0060,y_pos,0.6730341949687432,0.43098074197769165
cg_baseline,OrangeKettlebell,0060,y_neg,0.6668309037398835,0.435055136680603
cg_baseline,OrangeKettlebell,0060,z_pos,0.7386379927356646,0.3229566812515259
cg_baseline,OrangeKettlebell,0060,z_neg,0.745202674047702,0.32218632102012634
pufm_pugan_4x_selected10,OrangeKettlebell,0060,x_pos,0.6000732929466762,0.49149125814437866
pufm_pugan_4x_selected10,OrangeKettlebell,0060,x_neg,0.6181224257245348,0.4881106913089752
pufm_pugan_4x_selected10,OrangeKettlebell,0060,y_pos,0.7185408772131104,0.4190349876880646
pufm_pugan_4x_selected10,OrangeKettlebell,0060,y_neg,0.7111668292412364,0.4228033423423767
pufm_pugan_4x_selected10,OrangeKettlebell,0060,z_pos,0.7559543123562235,0.33352965116500854
pufm_pugan_4x_selected10,OrangeKettlebell,0060,z_neg,0.7616823041424331,0.33281952142715454
gradpu_chunked_4x_selected10,OrangeKettlebell,0060,x_pos,0.5805648349515469,0.48559117317199707
gradpu_chunked_4x_selected10,OrangeKettlebell,0060,x_neg,0.600421318965683,0.4830554127693176
gradpu_chunked_4x_selected10,OrangeKettlebell,0060,y_pos,0.6720178697257969,0.42404496669769287
gradpu_chunked_4x_selected10,OrangeKettlebell,0060,y_neg,0.6637138261130237,0.4299415647983551
gradpu_chunked_4x_selected10,OrangeKettlebell,0060,z_pos,0.739811235050715,0.33262649178504944
gradpu_chunked_4x_selected10,OrangeKettlebell,0060,z_neg,0.7468814016079981,0.3265976905822754
cg_baseline,OrangeKettlebell,0070,x_pos,0.4865297926070704,0.6476198434829712
cg_baseline,OrangeKettlebell,0070,x_neg,0.4952956608158306,0.6447771787643433
cg_baseline,OrangeKettlebell,0070,y_pos,0.6897664903830233,0.38428357243537903
cg_baseline,OrangeKettlebell,0070,y_neg,0.6781057643399934,0.4127063751220703
cg_baseline,OrangeKettlebell,0070,z_pos,0.7647543338252047,0.25215303897857666
cg_baseline,OrangeKettlebell,0070,z_neg,0.7664123224612106,0.25053271651268005
pufm_pugan_4x_selected10,OrangeKettlebell,0070,x_pos,0.5000529228449339,0.5831858515739441
pufm_pugan_4x_selected10,OrangeKettlebell,0070,x_neg,0.5052196124527063,0.5918517708778381
pufm_pugan_4x_selected10,OrangeKettlebell,0070,y_pos,0.7266091698316212,0.3394315540790558
pufm_pugan_4x_selected10,OrangeKettlebell,0070,y_neg,0.7101915912137446,0.3658917248249054
pufm_pugan_4x_selected10,OrangeKettlebell,0070,z_pos,0.7911100431974192,0.22492313385009766
pufm_pugan_4x_selected10,OrangeKettlebell,0070,z_neg,0.789297375945958,0.2240557223558426
gradpu_chunked_4x_selected10,OrangeKettlebell,0070,x_pos,0.5146122509701007,0.5422503352165222
gradpu_chunked_4x_selected10,OrangeKettlebell,0070,x_neg,0.5220713568327051,0.5444315671920776
gradpu_chunked_4x_selected10,OrangeKettlebell,0070,y_pos,0.7098702021069219,0.3401089012622833
gradpu_chunked_4x_selected10,OrangeKettlebell,0070,y_neg,0.6920967144635289,0.3663122057914734
gradpu_chunked_4x_selected10,OrangeKettlebell,0070,z_pos,0.7714595743313212,0.23015190660953522
gradpu_chunked_4x_selected10,OrangeKettlebell,0070,z_neg,0.7719740552987718,0.22650575637817383
cg_baseline,OrangeKettlebell,0080,x_pos,0.49595603128632093,0.6303107142448425
cg_baseline,OrangeKettlebell,0080,x_neg,0.5019526145392189,0.6401499509811401
cg_baseline,OrangeKettlebell,0080,y_pos,0.5126825301877129,0.6067860722541809
cg_baseline,OrangeKettlebell,0080,y_neg,0.5057523088504924,0.6091547012329102
cg_baseline,OrangeKettlebell,0080,z_pos,0.7374081933150572,0.2807105481624603
cg_baseline,OrangeKettlebell,0080,z_neg,0.7434897817116483,0.28065967559814453
pufm_pugan_4x_selected10,OrangeKettlebell,0080,x_pos,0.5037309391588437,0.5873831510543823
pufm_pugan_4x_selected10,OrangeKettlebell,0080,x_neg,0.5069592164934019,0.5972921848297119
pufm_pugan_4x_selected10,OrangeKettlebell,0080,y_pos,0.5279556460404184,0.5371636152267456
pufm_pugan_4x_selected10,OrangeKettlebell,0080,y_neg,0.513716540750258,0.560274064540863
pufm_pugan_4x_selected10,OrangeKettlebell,0080,z_pos,0.7323365582810754,0.28258052468299866
pufm_pugan_4x_selected10,OrangeKettlebell,0080,z_neg,0.7383028422104093,0.2805914282798767
gradpu_chunked_4x_selected10,OrangeKettlebell,0080,x_pos,0.5325774274801246,0.5509704351425171
gradpu_chunked_4x_selected10,OrangeKettlebell,0080,x_neg,0.5367652349636565,0.559201717376709
gradpu_chunked_4x_selected10,OrangeKettlebell,0080,y_pos,0.5299273548234872,0.5309849381446838
gradpu_chunked_4x_selected10,OrangeKettlebell,0080,y_neg,0.5179539297945716,0.5511119961738586
gradpu_chunked_4x_selected10,OrangeKettlebell,0080,z_pos,0.74218281063527,0.2628845274448395
gradpu_chunked_4x_selected10,OrangeKettlebell,0080,z_neg,0.7475521664199346,0.2625691890716553
cg_baseline,OrangeKettlebell,0090,x_pos,0.4978298064966389,0.6171071529388428
cg_baseline,OrangeKettlebell,0090,x_neg,0.5085984947371543,0.6312882900238037
cg_baseline,OrangeKettlebell,0090,y_pos,0.5647118092957718,0.5592459440231323
cg_baseline,OrangeKettlebell,0090,y_neg,0.5563106822703678,0.5668466687202454
cg_baseline,OrangeKettlebell,0090,z_pos,0.7173733459546087,0.32962581515312195
cg_baseline,OrangeKettlebell,0090,z_neg,0.7243796908281421,0.32578665018081665
pufm_pugan_4x_selected10,OrangeKettlebell,0090,x_pos,0.5473842271391827,0.5495976209640503
pufm_pugan_4x_selected10,OrangeKettlebell,0090,x_neg,0.5670138737653505,0.5557646155357361
pufm_pugan_4x_selected10,OrangeKettlebell,0090,y_pos,0.6379063197460827,0.44643622636795044
pufm_pugan_4x_selected10,OrangeKettlebell,0090,y_neg,0.6296119326998543,0.4659416079521179
pufm_pugan_4x_selected10,OrangeKettlebell,0090,z_pos,0.7391692240575246,0.3274945318698883
pufm_pugan_4x_selected10,OrangeKettlebell,0090,z_neg,0.7450875247561006,0.31562569737434387
gradpu_chunked_4x_selected10,OrangeKettlebell,0090,x_pos,0.5221403457846363,0.5304520130157471
gradpu_chunked_4x_selected10,OrangeKettlebell,0090,x_neg,0.5433289849755085,0.5363820195198059
gradpu_chunked_4x_selected10,OrangeKettlebell,0090,y_pos,0.5803179815468815,0.4858379364013672
gradpu_chunked_4x_selected10,OrangeKettlebell,0090,y_neg,0.5721805081730138,0.5012421011924744
gradpu_chunked_4x_selected10,OrangeKettlebell,0090,z_pos,0.7218582662128791,0.32702523469924927
gradpu_chunked_4x_selected10,OrangeKettlebell,0090,z_neg,0.7283920728228851,0.32078108191490173
