method,sequence,frame_count,dN_Acc,dN_Comp,dnormals,dCD_Acc,dCD_Comp,dchamferL2_old,dchamfer-L1,dchamfer-L2,dP_5,dR_5,dF_5,dP_10,dR_10,dF_10,dP_20,dR_20,dF_20
apuldi_local_pu1k_4x_2048_full,BlueSpeech,168,nan,nan,nan,-2.6314119098205424,-2.8922851409318575,-2.7618485253762,-5.5236970507524,-505.2805446774007,0.00019169561761581133,-0.1916026370903836,-0.15507515596443272,-0.0069347120017620445,-0.17895673453251137,-0.10299384251796417,-0.0546637105033283,-0.05407720664718896,-0.05433738848804304
apuldi_local_pu1k_4x_2048_full,BlueVolley,171,nan,nan,nan,-3.923724051595073,-3.465552460191372,-3.6946382558932243,-7.3892765117864485,-703.6431084317267,-0.021966045246197274,-0.18972343819676726,-0.16664402142230111,-0.04411190895664041,-0.19862138520003916,-0.14190109321137823,-0.07085829251693021,-0.05888717311581437,-0.06419982540589897
apuldi_local_pu1k_4x_2048_full,BouncingBlue,157,nan,nan,nan,-4.08173577056608,-3.514773548998331,-3.7982546597822093,-7.596509319564419,-1364.5004081007764,-0.020236362128107976,-0.15631540468806981,-0.13329789452165003,-0.03469344861492346,-0.17369930146051418,-0.12038146730004681,-0.05021489602140128,-0.05000889293258337,-0.049691257428390756
apuldi_local_pu1k_4x_2048_full,FitFluencer,201,nan,nan,nan,-4.054483377201086,-2.282104642560636,-3.1682940098808565,-6.336588019761713,-409.32280092791575,-0.060168308821497096,-0.1586681164722479,-0.1586608285935112,-0.09520455080342011,-0.11154455752362791,-0.10820914775236995,-0.101807358822951,-0.03390420862309329,-0.0628109005786911
apuldi_local_pu1k_4x_2048_full,GoodVision,167,nan,nan,nan,-4.273534791176033,-2.418532237522353,-3.3460335143491875,-6.692067028698375,-687.4915900277233,-0.027850128792957146,-0.12511408834620852,-0.11976669546736396,-0.0494364739650513,-0.09494538097078745,-0.08133594877378092,-0.07176633714507641,-0.0307055169682382,-0.047400378455195846
apuldi_local_pu1k_4x_2048_full,Mannequin,188,nan,nan,nan,-13.201957540262022,-2.402894113154872,-7.8024258267084505,-15.604851653416901,-2140.7163880827675,-0.07521182315658789,-0.11955241383266038,-0.12704798599282022,-0.1330706228275979,-0.08045394016805854,-0.10072057001200943,-0.17430655733875766,-0.026081074506031476,-0.08336747487175417
apuldi_local_pu1k_4x_2048_full,OrangeKettlebell,170,nan,nan,nan,-2.841784359993216,-2.7536690334632112,-2.7977266967282155,-5.595453393456431,-427.35832664220334,-0.015064647720928415,-0.17813573406155972,-0.1544584164597007,-0.03852731910617685,-0.1691619856544614,-0.11717113411943442,-0.055812366601661,-0.04681137912282185,-0.05113867128135818
apuldi_local_pu1k_4x_2048_full,PinkNoir,201,nan,nan,nan,-2.940392254513352,-1.493109251310969,-2.2167507529121586,-4.433501505824317,-680.3287715618037,-0.016051777194109718,-0.10484491732983038,-0.10546189482075027,-0.025349086377497,-0.06481841250761516,-0.05483302800380441,-0.03491343145675607,-0.015094620622811472,-0.022398257027151813
apuldi_local_pu1k_4x_2048_full,TicTacToe,165,nan,nan,nan,-5.42755920254662,-2.085599879879716,-3.756579541213167,-7.513159082426334,-407.2800799480374,-0.057292542342825464,-0.15192306729513022,-0.17607220950838443,-0.10738613827579846,-0.19934708501324677,-0.20966903534187215,-0.10971877355704918,-0.05755275774348173,-0.07628486402224266
apuldi_local_pu1k_4x_2048_full,TrumanShow,171,nan,nan,nan,-2.5693495800896784,-2.9529497569899483,-2.761149668539815,-5.52229933707963,-569.2227093209262,-0.010460055181345629,-0.17054820306497795,-0.1400303179035989,-0.01945678539036222,-0.1511900179081483,-0.09543887402732154,-0.036522817195349555,-0.046341803308790785,-0.04076447996160648
apuldi_local_pu1k_4x_2048_full,VictoryHeart,197,nan,nan,nan,-2.055150501942819,-3.141232379586963,-2.598191440764893,-5.196382881529786,-482.8627067627091,0.010509657386439442,-0.17995874667291464,-0.13169911069380663,0.004323918644077829,-0.167287180283489,-0.08681189609586604,-0.04044047103740367,-0.07451164649627473,-0.056508990942387816
apuldi_local_pu1k_4x_2048_full,VirtualLife,196,nan,nan,nan,-3.9216030423025146,-2.4080191886970397,-3.164811115499777,-6.329622230999554,-725.412732206813,-0.027706571472264074,-0.1731765712550713,-0.15762454461196584,-0.049601916540866875,-0.14173761770468105,-0.10906377558358654,-0.07366083160586201,-0.03957277584245844,-0.054861731224821186
crcir_aftercomp_4x_full,BlueSpeech,168,nan,nan,nan,-0.3332861753581309,0.3351509971205573,0.0009324108812105436,0.0018648217624210872,-20.282879135636904,-0.0003586853117245603,0.013420485492940504,0.005903783533104973,0.00021156104598935022,0.012577536221845986,0.005754917127699599,-0.009471197022889566,0.0071924965121663575,-0.0014612776133633432
crcir_aftercomp_4x_full,BlueVolley,171,nan,nan,nan,-0.3251276864603554,0.3701176600776108,0.022494986808627715,0.04498997361725543,-24.018289753800445,0.0023155650497382607,0.012835172239322012,0.007471906633656211,0.0009701759822053346,0.010521713466623228,0.00583996756564531,-0.006257029447561013,0.00684532329436105,0.000675329522442536
crcir_aftercomp_4x_full,BouncingBlue,157,nan,nan,nan,-0.35496014302931655,0.38553144737427303,0.015285652172480013,0.030571304344960026,-48.57588920123135,-0.0027016253845983107,0.011374134277796655,0.003533855145421899,-0.0039937476522017845,0.008916290093675061,0.0020667761156545894,-0.005038811373721197,0.006278625944580063,0.0008282509362178558
crcir_aftercomp_4x_full,FitFluencer,201,nan,nan,nan,-0.3615173379592669,0.37398891777792187,0.00623578990932927,0.01247157981865854,-12.927028373414032,-0.005041282150372417,0.010950326615630418,0.004863696456700928,-0.008096790315139657,0.010199576897013507,0.0031533016560840177,-0.008639323118521891,0.007743144398480339,0.0010778757445616405
crcir_aftercomp_4x_full,GoodVision,167,nan,nan,nan,-0.15037511675067705,0.36956079685554144,0.10959284005243575,0.2191856801048715,-8.480802870962634,0.0009924293158691255,0.008033373068025956,0.005196160314384718,0.0007604438025918259,0.007276117458943687,0.004797394044520176,-0.0014533276363922765,0.006075642754957367,0.003272885061806341
crcir_aftercomp_4x_full,Mannequin,188,nan,nan,nan,-1.0789294072729732,0.37662849210348526,-0.3511504575847404,-0.7023009151694808,-106.56925031295714,-0.011863134475758902,0.007562399343305659,0.000858548830475675,-0.020424446331043122,0.006939285177596788,-0.0021987663020733295,-0.019998937560644414,0.005446845485230722,-0.0031092181845272515
crcir_aftercomp_4x_full,OrangeKettlebell,170,nan,nan,nan,-0.2663945670914991,0.36036044771192266,0.046982940310215326,0.09396588062043065,-8.091966150804637,0.0004976631806251075,0.012631515198186616,0.0064409387572118,-0.0046494913081869815,0.011887189175268154,0.003415661979329243,-0.009757019048041937,0.00818002073724411,-0.0009271913038829682
crcir_aftercomp_4x_full,PinkNoir,201,nan,nan,nan,-0.29756838209723924,0.4627292607793372,0.08258043934105075,0.1651608786821015,-22.5593123634344,0.0002804545482266996,0.009152357203568329,0.006268239637240908,0.0012081884286489486,0.009045269832557767,0.006522668661056996,0.0007536662094113078,0.008462293175340363,0.00591583287495534
crcir_aftercomp_4x_full,TicTacToe,165,nan,nan,nan,-0.5615674255038581,0.7079327434419653,0.07318265896904919,0.14636531793809837,79.68294063892608,-0.0063614142813000485,0.00834637994944748,0.004059464935771251,-0.0152990391371563,0.006956397251583146,0.000520203378855888,-0.012836037935300304,0.005230360529622169,-0.00011062040185960687
crcir_aftercomp_4x_full,TrumanShow,171,nan,nan,nan,-0.19961938235564602,0.3460342238189611,0.07320742073165576,0.14641484146331152,-9.730505789747667,-0.00035226926393111535,0.011191061994611035,0.004877921120293532,-0.0007320857616998633,0.009557139210829735,0.00412782969969433,-0.0037405627504245587,0.006678061675393643,0.0017111646548130244
crcir_aftercomp_4x_full,VictoryHeart,197,nan,nan,nan,-0.26428896750252306,0.338175183870856,0.036943108184164686,0.07388621636832937,-13.274608597144379,6.418010234079952e-05,0.013440791409933789,0.005287287654608813,-0.0016668832457497063,0.012350010742206263,0.004078535898982549,-0.009996476602538995,0.007053385684454017,-0.0022788521378943605
crcir_aftercomp_4x_full,VirtualLife,196,nan,nan,nan,-0.15658047962085675,0.3678309183515438,0.10562521936534353,0.21125043873068705,-19.39016979646408,0.005187525103931057,0.011426847563234949,0.00857726120008373,0.0068580132152092355,0.010076451286631372,0.008662107226126703,-0.002043601211357049,0.0073189898015473265,0.0032211409447143735
neuralpoints_16x_2048_full,BlueSpeech,168,nan,nan,nan,-2.8558010765151955,-0.20086276387469582,-1.5283319201949457,-3.0566638403898914,-597.9344598279301,-0.002222644447023331,-0.10532991000655934,-0.06428860466347947,-0.00809183683900161,-0.031366555143817754,-0.018618156663303298,-0.045533141771929575,0.01019477938467972,-0.019546033123204687
neuralpoints_16x_2048_full,BlueVolley,171,nan,nan,nan,-4.3422470389842225,-0.40506459931040695,-2.3736558191473165,-4.747311638294633,-712.2813091814603,-0.023112149846891722,-0.12308490389720045,-0.089025519257798,-0.04568561658182313,-0.051583237501699464,-0.048131246692839524,-0.07280642048659391,0.0037084736773685956,-0.0342691184322208
neuralpoints_16x_2048_full,BouncingBlue,157,nan,nan,nan,-4.792402377300764,0.23959771386438078,-2.2764023317181916,-4.552804663436383,-1573.3577569579493,-0.020912608333820554,-0.10632635598549224,-0.0749251412414048,-0.035765451438868556,-0.03898009619316217,-0.03683328057232116,-0.05297916658519508,0.01408512399634132,-0.02010812793421235
neuralpoints_16x_2048_full,FitFluencer,201,nan,nan,nan,-4.2128315668786325,0.9118458329659092,-1.650492866956359,-3.300985733912718,-408.0601206091226,-0.053830976926285634,-0.07284808829541808,-0.06888985131603326,-0.08822771622630571,0.013283643689760205,-0.0305885949323364,-0.0974764438178981,0.03458738840593523,-0.02448062863029543
neuralpoints_16x_2048_full,GoodVision,167,nan,nan,nan,-4.891506912628362,0.8718878249538733,-2.0098095438372425,-4.019619087674485,-681.3320573377387,-0.030171109390356082,-0.0663897016011301,-0.056280621363479444,-0.0523398469066681,-0.0058970197733422824,-0.02587073238416482,-0.07504743364348587,0.020045148631459564,-0.020176254615791644
neuralpoints_16x_2048_full,Mannequin,188,nan,nan,nan,-13.742311647583392,1.4290650923850627,-6.15662327759917,-12.31324655519834,-2057.952437542588,-0.0752522427148492,-0.05654942728298361,-0.06474079102341608,-0.13549092649697958,0.0073839708701174955,-0.0517632632305679,-0.17921972508933942,0.02703151567136769,-0.05777234356266259
neuralpoints_16x_2048_full,OrangeKettlebell,170,nan,nan,nan,-2.8861148041522426,0.0009085800471417826,-1.4426031120525522,-2.8852062241051044,-402.0403115152244,-0.014300272146479887,-0.10028143348382702,-0.06942898678615153,-0.034963763557004035,-0.0206455216175761,-0.02773773039500904,-0.04817597097895876,0.01989424919405891,-0.015768580131475307
neuralpoints_16x_2048_full,PinkNoir,201,nan,nan,nan,-3.325751909328538,2.5636052230197635,-0.3810733431543909,-0.7621466863087818,-606.4881621070888,-0.018066392836600387,-0.04117696073813501,-0.036289845081741476,-0.028951982541209675,0.02940701805466095,0.006883691885337995,-0.03824258038982509,0.057547973852261014,0.020095213689103053
neuralpoints_16x_2048_full,TicTacToe,165,nan,nan,nan,-5.390263156632164,2.2206568883046387,-1.584803134163753,-3.169606268327506,0.5528649384959863,-0.05364855855968151,-0.11483808040271311,-0.12029552445084653,-0.10457408216784392,-0.0711642297800141,-0.08475739486291123,-0.10562756853810973,-0.0020052901588993866,-0.03643935995667502
neuralpoints_16x_2048_full,TrumanShow,171,nan,nan,nan,-2.9604967858073934,-0.08829788393920168,-1.5243973348732993,-3.0487946697465986,-605.1713954291538,-0.011584208541634389,-0.09889224605040235,-0.06400280453499946,-0.02028343698027446,-0.026689495432206667,-0.022760490370168696,-0.035590871037637584,0.010223432418376754,-0.012233263887763801
neuralpoints_16x_2048_full,VictoryHeart,197,nan,nan,nan,-2.152379103361085,-0.6817631585209867,-1.4170711309410393,-2.8341422618820786,-547.9338180370111,0.019713882878190703,-0.09509563342245315,-0.04325675387255776,0.013446350829991516,-0.019257807149943573,-0.0005926237120065236,-0.03959511863218479,-0.02531975943896181,-0.03325025268535653
neuralpoints_16x_2048_full,VirtualLife,196,nan,nan,nan,-4.095200450642714,0.5488024031633039,-1.7731990237397035,-3.546398047479407,-777.5186360155133,-0.028061883274719424,-0.09468909262130999,-0.07292979341422887,-0.05002885123075845,-0.015444854311829237,-0.0313878720245222,-0.06922566215233839,0.026091148361526706,-0.018634629101793032
pucrn_pu1k_4x_full,BlueSpeech,168,nan,nan,nan,-0.0187602803872835,0.8590712847302449,0.4201555021714771,0.8403110043429542,38.53305524866232,-9.544393892155223e-05,0.03470720639772876,0.01481256970007147,-0.0005379576410400877,0.03349737380809498,0.01409448698947574,-0.0007585509480638741,0.017752187616558057,0.008117534914569235
pucrn_pu1k_4x_full,BlueVolley,171,nan,nan,nan,-0.029440197245143906,0.896661335865204,0.43361056931003006,0.8672211386200601,48.884850977884525,-0.00041496658332418335,0.029380740432094127,0.01322859502931542,-0.0006048344775778092,0.026441436779751193,0.012462519823376317,-0.0007836982430813322,0.016955871732302286,0.008439855291408338
pucrn_pu1k_4x_full,BouncingBlue,157,nan,nan,nan,0.016855955575294956,1.0584941507056271,0.537675053140461,1.075350106280922,80.84700326952134,0.0001753510421292348,0.0233221898789083,0.010044154774847519,0.00038559444628633033,0.021271932137746752,0.00985819428367718,0.0005094961296624456,0.017166391351882027,0.008958322278657782
pucrn_pu1k_4x_full,FitFluencer,201,nan,nan,nan,-0.008348976968985511,1.1006012047284273,0.5461261138797191,1.0922522277594382,62.95799481118297,-0.00041911167180302966,0.027109822054784044,0.0162806503008964,-0.00040242585339700376,0.02789264161020849,0.016925479564645185,-0.0002755956500114509,0.023274502995000335,0.0137366329594647
pucrn_pu1k_4x_full,GoodVision,167,nan,nan,nan,-0.0350470944355159,1.034326234508093,0.4996395700362868,0.9992791400725736,77.17424471770892,-0.0001670477756555433,0.019048547229543966,0.010694339527582114,-0.0004006357457353449,0.01803690773441574,0.010486022320602417,-0.000605209086727565,0.016501299331793673,0.00996432606063058
pucrn_pu1k_4x_full,Mannequin,188,nan,nan,nan,-0.03340590459870185,1.187077805263474,0.5768359503323843,1.1536719006647687,102.0681455298145,-0.0004344741648330541,0.018361272187317673,0.012069508712843124,-0.0006670579619832417,0.018374955860786857,0.012465138910806084,-0.000415494404386596,0.016260378106924267,0.011059969481568621
pucrn_pu1k_4x_full,OrangeKettlebell,170,nan,nan,nan,-0.0156172461024493,0.9095011109228182,0.44694193241018354,0.8938838648203671,44.594164180672124,-0.00017112486821566075,0.029685978478797587,0.013830025895530812,-0.0005435716284619696,0.029503843318960943,0.013862782512148175,-0.0006384923185842606,0.020971759993575256,0.009961276070928116
pucrn_pu1k_4x_full,PinkNoir,201,nan,nan,nan,-0.02505041412848641,1.4327471686964515,0.7038483772839861,1.4076967545679722,102.02149431835869,-4.9132420438774416e-05,0.023092960578282,0.014706118253737105,-8.141610826528645e-05,0.02516935453086,0.016119521824784766,-0.0005489986842910355,0.02453406182594503,0.015643827202710847
pucrn_pu1k_4x_full,TicTacToe,165,nan,nan,nan,-0.022899133746978606,1.7531155946324049,0.8651082304427149,1.7302164608854298,263.41506884562705,-0.0001123615672202205,0.019353929587598073,0.01370847632748215,-0.0006307564821810829,0.01780196311027099,0.01297529856721441,-0.0009476835645993997,0.014690354909607684,0.010508040514791261
pucrn_pu1k_4x_full,TrumanShow,171,nan,nan,nan,-0.0001914677974745871,0.9730871445879323,0.48644783839522887,0.9728956767904577,56.71386461369434,0.0001388369484842944,0.027647341324747166,0.01204160671402646,0.00019944798200982605,0.025863222535681907,0.011895590323237115,0.00010152307490529644,0.019321463687411278,0.009707975616533693
pucrn_pu1k_4x_full,VictoryHeart,197,nan,nan,nan,0.0033945728328319547,0.8687917619710177,0.4360931674019213,0.8721863348038426,41.327743757202484,-0.00010615754986031956,0.029738906585851516,0.010810610519138092,-0.0003563647638201717,0.03162408669087319,0.012328372769364548,0.00022696895973206566,0.019620343633934056,0.009031020339034579
pucrn_pu1k_4x_full,VirtualLife,196,nan,nan,nan,-0.01642282935615924,0.9838561617440647,0.4837166661939527,0.9674333323879054,57.29554044889392,0.00019003992020882876,0.028069908540462096,0.014590748290758598,-0.0001769383035882255,0.028046007172635223,0.014982050013119363,-0.0007569996021529191,0.020594886624847875,0.011154250304061808
puflow_discrete_full,BlueSpeech,168,nan,nan,nan,-0.5531649973668777,0.7730134065752754,0.10992420460419972,0.21984840920839943,-2715.991011915073,-0.00022658826153945655,0.015348536386817047,0.006835828872984395,0.0010770176990496094,0.022886837435265095,0.010717241760899443,-0.008969640573632809,0.01926087857540537,0.004501237138105574
puflow_discrete_full,BlueVolley,171,nan,nan,nan,-0.6794174009601441,0.8285392500226862,0.07456092453127283,0.14912184906254566,-1378.6486041421147,0.0015617131810950757,0.012630681620780043,0.007013810592902403,-0.0008345653764275651,0.01727434620209428,0.008244289582104602,-0.009939402247350126,0.016648687006544205,0.003957185633778559
puflow_discrete_full,BouncingBlue,157,nan,nan,nan,-0.559668669261896,1.7637107061544768,0.6020210184462904,1.2040420368925808,-191.86534503076564,-0.0034314935157352955,0.012125145627409989,0.003471431630574895,-0.0050846043296201016,0.019613282338875715,0.006219400932586661,-0.006415580814026822,0.02698480860669783,0.010377683719903441
puflow_discrete_full,FitFluencer,201,nan,nan,nan,-0.7291607246014902,1.3518825486439852,0.3113609120212537,0.6227218240425074,-1710.796420075223,-0.007713228953589113,0.014380810792067183,0.005850647109431201,-0.012842080066750527,0.025014022084976495,0.010080838652361257,-0.014735932553374353,0.031306664284713626,0.012157164469226545
puflow_discrete_full,GoodVision,167,nan,nan,nan,-0.6321490617491214,1.0299343859533607,0.19889266210212142,0.39778532420424284,-961.52063166573,-0.0009181482699963384,0.008972154997492598,0.004910888893905285,-0.002675768379123533,0.01406510304792663,0.007356559255613571,-0.006751390523957346,0.017844825248592378,0.008347988558099373
puflow_discrete_full,Mannequin,188,nan,nan,nan,-3.358237874360835,1.2454090436578404,-1.0564144153514938,-2.1128288307029877,-1467.6601106539329,-0.022005688059435452,0.009187832034753846,-0.00208072594116096,-0.038224707410815906,0.015090171438304989,-0.003586598451731815,-0.04298914500224049,0.017320187335246096,-0.0036892813230334776
puflow_discrete_full,OrangeKettlebell,170,nan,nan,nan,-0.6054439588762541,1.0113009914989526,0.20292851631135278,0.40585703262270556,-2178.057634269945,-0.0004847092184868673,0.015098028550540155,0.00709334733101627,-0.006899464628111307,0.025027315334686884,0.008402319612194675,-0.012708820901310758,0.025962473708389666,0.006057098524181903
puflow_discrete_full,PinkNoir,201,nan,nan,nan,-0.6590118473919695,2.105975960878574,0.7234820567433076,1.4469641134866151,-2392.5571106683783,0.00019763311248938153,0.01413971233149583,0.00942972795945976,0.0007129810834147765,0.024960687357441114,0.016465594870799016,-0.001526995120326169,0.03501270603319301,0.021952529151550437
puflow_discrete_full,TicTacToe,165,nan,nan,nan,-1.1624337813854453,3.2444755164320327,1.0410208675232937,2.0820417350465874,-109.83468759448806,-0.011441237443152674,0.01047075752400467,0.003850564879879892,-0.027488724300930467,0.015658799779338206,0.0027622087687969032,-0.024495263613960705,0.018855704172297538,0.005883149507013741
puflow_discrete_full,TrumanShow,171,nan,nan,nan,-0.5188667839357848,1.0426175284408572,0.26187537225253266,0.5237507445050653,-1469.192581623074,-0.001196127297807159,0.013125550823913229,0.005283220729588423,-0.0023775388816680287,0.020653996661728236,0.00827275528808924,-0.006304674438216806,0.02306837096176706,0.008488070573866136
puflow_discrete_full,VictoryHeart,197,nan,nan,nan,-0.4450734246194443,0.6522209868075333,0.1035737810940418,0.2071475621880836,-1511.549350108865,0.0003638056927890432,0.01450306332454171,0.005910090973352905,-0.0008518527235417128,0.020928966582250796,0.007977501859191993,-0.009983206490019603,0.01458443888617067,0.001084661024963407
puflow_discrete_full,VirtualLife,196,nan,nan,nan,-0.5433886649012081,1.1006551492308851,0.2786332421648403,0.5572664843296806,-2569.378487781866,0.0053567549193867525,0.013545368370233207,0.009794323877284877,0.005965861821609464,0.020715650155358256,0.014037882584633399,-0.005806185326739266,0.0230495685077452,0.010179887327500636
pufm_pugan_4x_full,BlueSpeech,168,nan,nan,nan,-0.16025513730036245,1.0066065354304055,0.42317569906501973,0.8463513981300395,67.09424559318609,-0.00018865350636013134,0.02328994669035503,0.010101083427073998,-0.00025658878615536507,0.028538360161001586,0.012162182323461335,-0.002857016472808671,0.01770648956376164,0.006974914832699075
pufm_pugan_4x_full,BlueVolley,171,nan,nan,nan,-0.1743205476005727,1.4913687653532222,0.6585241088763247,1.3170482177526495,102.0192406141523,-0.0005198025868594358,0.019419078376267412,0.008802947625856677,-0.0015982512830535756,0.026407946532472526,0.011921817452429762,-0.004214862647256901,0.02876366690788612,0.012783054487234047
pufm_pugan_4x_full,BouncingBlue,157,nan,nan,nan,-0.43410026907880095,1.4153643111953969,0.4906320210582997,0.9812640421165995,63.95863973346695,-0.0013983211269351925,0.012957901410164369,0.0048986259824163325,-0.002368071248714021,0.01571505216471747,0.005924605692334772,-0.0034322848194544564,0.019197335923326952,0.00800815654338305
pufm_pugan_4x_full,FitFluencer,201,nan,nan,nan,-0.20764414787188912,1.3327471557497148,0.5625515039389164,1.1251030078778328,76.04456745488915,-0.00016795175546274743,0.018757162513303782,0.011522994110755302,-0.0018549685714639996,0.026417341570731223,0.01547217568914816,-0.0035196149393551535,0.027292647023145156,0.014712191100058614
pufm_pugan_4x_full,GoodVision,167,nan,nan,nan,-0.22998585777181546,2.8194587986181823,1.2947364704231852,2.5894729408463704,262.7456636615352,-0.003938465405092462,0.011908197476103999,0.005100257369798439,-0.005780951661777722,0.020064641164576458,0.00928424509413689,-0.006300954231118094,0.03315859320902198,0.01754131373444756
pufm_pugan_4x_full,Mannequin,188,nan,nan,nan,-0.44391368297115363,2.826384786576998,1.1912355518029223,2.3824711036058446,246.0147030383705,-0.0009081013562617923,0.012780294301448336,0.00830337865883482,-0.0044391661989672815,0.01994885984138134,0.012167619437214616,-0.0061583528465083415,0.029382370077733477,0.017773733674381176
pufm_pugan_4x_full,OrangeKettlebell,170,nan,nan,nan,-0.2463162787643558,0.9387573900317534,0.3462205556336997,0.6924411112673994,30.280974318411154,0.0005771419422869184,0.020774760961312727,0.010255207197805816,-0.0008513861734691375,0.026634659068989985,0.012395642825088149,-0.0040887872108712475,0.021403062828629693,0.008406913085427292
pufm_pugan_4x_full,PinkNoir,201,nan,nan,nan,-0.036794102627304426,2.6705113977900155,1.316858647581359,2.633717295162718,221.2393690189349,-0.00017452592535122102,0.015441311742733693,0.009983816437437176,0.00018013879935435684,0.02643250208930742,0.016958779646534305,0.0008606235749062385,0.041274789251561084,0.026562840460965464
pufm_pugan_4x_full,TicTacToe,165,nan,nan,nan,-0.25201861333910536,2.99597058772369,1.3719759871922932,2.7439519743845864,483.70989595539004,-0.0037974190046651812,0.010960183225874914,0.00669386962728899,-0.007105984911305929,0.014805397669772069,0.008766796553196898,-0.005503246957230923,0.019791843098347583,0.012743708830756706
pufm_pugan_4x_full,TrumanShow,171,nan,nan,nan,-0.2587336876456696,1.393829960524144,0.5675481364392354,1.1350962728784708,88.43525450573202,-0.0021961729240847216,0.01660722922482019,0.006111257942648551,-0.003847772314310549,0.02266274101140775,0.008220982380115593,-0.005262958003446783,0.026165741547043653,0.010335048101321465
pufm_pugan_4x_full,VictoryHeart,197,nan,nan,nan,-0.12153787545467765,0.9267244805339185,0.4025933025396178,0.8051866050792356,49.002764625227655,0.000986747366695212,0.02025530121267427,0.008272520171986791,0.001882391057967503,0.02804143632379913,0.012388360392455888,-0.002604762977435615,0.016447856743484146,0.006031327556259902
pufm_pugan_4x_full,VirtualLife,196,nan,nan,nan,-0.20412345878748184,1.5084627765031193,0.6521696588578187,1.3043393177156375,99.98230479327776,0.0020049520890589867,0.01873815731470893,0.010865915670524667,0.0018797810129722037,0.02656999820066075,0.015238200987809425,-0.0028950664370758217,0.029672576785664373,0.015132148582454263
spu_pointnet_4x_full,BlueSpeech,168,nan,nan,nan,-0.0029707456354319817,0.6392607525133602,0.3181450034389641,0.6362900068779282,24.63607407981499,0.0001959031848963455,0.02810444102025253,0.012327877484874017,-0.00016821545419776207,0.025685807915297065,0.01104222710153796,-0.00030481726771225404,0.013952291055922439,0.006553362151743847
spu_pointnet_4x_full,BlueVolley,171,nan,nan,nan,0.05852560441633514,0.7394363676880289,0.3989809860521838,0.7979619721043676,38.09095968566044,0.001236581131630471,0.026176288670298503,0.012792674864418957,0.001863424694143856,0.02294613945127405,0.012128355217323694,0.0015850268629811204,0.015021484766439497,0.008597486548066802
spu_pointnet_4x_full,BouncingBlue,157,nan,nan,nan,-0.04831944146467393,0.6782739121005577,0.3149772353179401,0.6299544706358802,41.088048484515184,-0.00030838775023422915,0.019883905297305438,0.008354918694524316,-0.0006340624853610199,0.01615949519964993,0.00701605175529163,-0.000990478717540877,0.011405387500300401,0.005326550503898186
spu_pointnet_4x_full,FitFluencer,201,nan,nan,nan,-0.02685755969099901,0.6831354237222165,0.32813893201560873,0.6562778640312175,31.44657652560022,0.0004003451889363907,0.021698317181152005,0.013480529652447948,-0.0005154698276100822,0.019712524332791803,0.011967314965846965,-0.001133210140162988,0.014526502193319746,0.00823482788187846
spu_pointnet_4x_full,GoodVision,167,nan,nan,nan,0.13805370399887806,0.9664003277768138,0.5522270158878477,1.1044540317756955,80.36705462335931,0.0016393851447539243,0.017150442004150057,0.010495590649246295,0.0025654753297107424,0.016309000045001854,0.010755504943210648,0.002995986513032345,0.015545656339953196,0.010825977397119102
spu_pointnet_4x_full,Mannequin,188,nan,nan,nan,0.17838178080154066,1.2000467200627263,0.6892142504321406,1.3784285008642811,118.63549875390572,0.0018038714007743706,0.01631711231593938,0.011606940532349092,0.0034081110480606025,0.016293986003472705,0.01248195057142909,0.0035304430925201524,0.015906079662798,0.012190097679053324
spu_pointnet_4x_full,OrangeKettlebell,170,nan,nan,nan,0.009863104425761549,0.6397871940515181,0.32482514923863803,0.6496502984772761,24.924135084549107,0.000338404790724639,0.025114462029840523,0.012101742275649419,0.0007845447296954688,0.023434670647826394,0.01175239873698175,0.0007381301001562202,0.014993618392393104,0.00776952847678769
spu_pointnet_4x_full,PinkNoir,201,nan,nan,nan,0.05793626221004189,1.1128214383394948,0.5853788502747754,1.1707577005495509,79.51904669177611,0.00044836420095034635,0.019693419785698413,0.012856906023294506,0.0008594177636291334,0.020568351204514446,0.013624727912973367,0.001728027894122186,0.02011764796574078,0.013688965156508082
spu_pointnet_4x_full,TicTacToe,165,nan,nan,nan,0.0451600259219429,1.1054139146500503,0.5752869702859975,1.150573940571995,142.81167087260837,-9.710376135063647e-06,0.017314404109717352,0.012351851484601495,0.0006555703658199796,0.014916230689998367,0.011284634715158559,0.0017401066192808123,0.011986817515973303,0.009381183263677872
spu_pointnet_4x_full,TrumanShow,171,nan,nan,nan,-0.041601428038241295,0.687078511159676,0.3227385415607138,0.6454770831214276,32.828073871868355,-0.00088178944057829,0.02243327556334762,0.009311087930371664,-0.0011846300898981643,0.019520852480875817,0.00832453691265539,-0.001346955729960797,0.01382060088393633,0.006263875247156769
spu_pointnet_4x_full,VictoryHeart,197,nan,nan,nan,-0.012227065584591301,0.6186087766187569,0.30319085551708014,0.6063817110341603,21.979064499094875,0.0009560040973859985,0.02483210020931617,0.009852810808907292,0.0016731916352324405,0.024858700007718892,0.011011132498123855,-0.001377541202868482,0.013670536605523531,0.005468005213985161
spu_pointnet_4x_full,VirtualLife,196,nan,nan,nan,0.026438495004653007,0.7724167871558301,0.3994276410802442,0.7988552821604884,38.729054243904784,-0.00017099401537934433,0.023709910888277008,0.012269948668453712,0.0006275257173815607,0.02335946854767168,0.012914248152809282,0.001318901645050663,0.017919922663585997,0.010613739011639756
upsample_clean_ounet_full,BlueSpeech,168,nan,nan,nan,-1.7811714910736498,-0.1949355435233997,-0.988053517298523,-1.976107034597046,-164.2725807261138,-0.013036065099955418,-0.024914190569622574,-0.018699871710647242,-0.02433956503248047,0.032747695659484155,-0.00043675339761056753,-0.06225263901401723,0.0059978055324291235,-0.030746820281991938
upsample_clean_ounet_full,BlueVolley,171,nan,nan,nan,-2.2638050886091285,-0.024134977831284488,-1.1439700332202065,-2.287940066440413,-186.18518609334956,-0.01913128096958147,-0.018780094282185855,-0.018795316016581326,-0.03810509315942673,0.03672881828073271,-0.0035684837291408145,-0.05939812720588089,0.007881968683220775,-0.025347767726712767
upsample_clean_ounet_full,BouncingBlue,157,nan,nan,nan,-1.4993149513442958,-0.22780919646816855,-0.8635620739062304,-1.7271241478124608,-193.15234051309426,-0.013484496814703512,-0.042698703802710125,-0.028026405560950818,-0.022491093240841364,0.04338276328896501,0.005603083993173219,-0.030486778145194182,0.013664994410172993,-0.00865833475904454
upsample_clean_ounet_full,FitFluencer,201,nan,nan,nan,-2.9212488782893633,-0.1311292186041939,-1.5261890484467742,-3.0523780968935483,-198.3405628967878,-0.05090872697104509,-0.0007053738596340398,-0.021737472983839767,-0.08198298812393368,0.03587672557194105,-0.01617571075520169,-0.08670287773923413,0.007595398370064954,-0.03332630276277715
upsample_clean_ounet_full,GoodVision,167,nan,nan,nan,-2.0357531330232135,0.24048996905740694,-0.8976315819829033,-1.7952631639658065,-190.97564074370803,-0.017083338156412525,0.006004122803714096,-0.004092920342862683,-0.02942463251991778,0.03218914370917708,0.005020456444870258,-0.043241140277500034,0.014469802343434035,-0.008898393904179125
upsample_clean_ounet_full,Mannequin,188,nan,nan,nan,-7.936671747964372,0.357192181927676,-3.789739783018348,-7.579479566036696,-870.6992450276034,-0.062323414722609355,0.0015197656856179298,-0.024275859190914184,-0.11195770381516579,0.03453858307912305,-0.02638907580913913,-0.1406797391565523,0.012802027625438084,-0.046725716357375324
upsample_clean_ounet_full,OrangeKettlebell,170,nan,nan,nan,-1.9645957125978235,-0.05616068592997081,-1.0103781992639007,-2.0207563985278014,-141.98133045160057,-0.025233773128042702,-0.017617649244224792,-0.021518752943594927,-0.051642048730705714,0.04105263570473072,-0.010537942819359991,-0.061021904558307916,0.012841418947513339,-0.026141926280258243
upsample_clean_ounet_full,PinkNoir,201,nan,nan,nan,-1.2875792001893451,-0.7206112562496187,-1.0040952282194766,-2.008190456438953,-247.99611987469984,-0.010780319502697117,0.000849159154218182,-0.003277380179481315,-0.015042649515634166,0.03081053237000242,0.013738978339104202,-0.018266547790099286,0.006498968719494291,-0.0023151042089234464
upsample_clean_ounet_full,TicTacToe,165,nan,nan,nan,-2.977309412395501,-2.410795673432176,-2.6940525429138376,-5.388105085827675,-920.5148239552718,-0.04200615577556999,-0.0429131431168121,-0.045229369820760534,-0.08171795431818807,0.039492495151043305,-0.0024496955690052613,-0.0724622457786751,0.016307797322686224,-0.012352272727458313
upsample_clean_ounet_full,TrumanShow,171,nan,nan,nan,-0.9815923341183996,-0.025722297277027906,-0.503657315697712,-1.007314631395424,-105.49681376299168,-0.0068744700134687475,-0.010372386066038713,-0.008344716126610252,-0.01295207287250355,0.03518986988266065,0.008879761378962903,-0.02458839908284416,0.010369384158062989,-0.0064896663243108055
upsample_clean_ounet_full,VictoryHeart,197,nan,nan,nan,-1.5944419135701828,-0.20523778072466925,-0.8998398471474296,-1.7996796942948592,-131.2323022012655,0.0015863543023640347,-0.012914966453566129,-0.004294712475380796,-0.011674957913947959,0.02685268901164395,0.0034244486450231704,-0.06294183976719692,-0.0017611261737634498,-0.03636525768216625
upsample_clean_ounet_full,VirtualLife,196,nan,nan,nan,-1.8065550187882913,-0.07462168664832802,-0.9405883527183114,-1.8811767054366229,-177.13930920466873,-0.024337934338059142,-0.01169393121025078,-0.017662960173217834,-0.04183342990361805,0.03450867607481273,-0.00285866922771294,-0.05329258675115245,0.014131029416745489,-0.0169139661604899
