frame,metric,baseline,gradpu_chunked_4x_selected10,delta_for_better,gradpu_chunked_4x_selected10_improved
0000,N_Acc,nan,nan,nan,False
0000,N_Comp,nan,nan,nan,False
0000,normals,nan,nan,nan,False
0000,CD_Acc,23.617759213033505,23.521752766033554,0.09600644699995087,True
0000,CD_Comp,26.488399366804423,26.19390325478108,0.29449611202334225,True
0000,chamferL2_old,25.053079289918962,24.857828010407317,0.19525127951164478,True
0000,chamfer-L1,50.106158579837924,49.715656020814635,0.39050255902328956,True
0000,chamfer-L2,2098.367986300955,2076.059363101246,22.308623199709018,True
0000,P_5,0.12523735388445165,0.12500372807148352,-0.00023362581296812457,False
0000,R_5,0.14140646620888223,0.14765858086236944,0.006252114653487212,True
0000,F_5,0.1328316676827739,0.13538998596258947,0.0025583182798155635,True
0000,P_10,0.2417838275264892,0.24196227788150101,0.00017845035501182216,True
0000,R_10,0.27432219993479495,0.2795575209947418,0.00523532105994684,True
0000,F_10,0.25702730813659047,0.2594048192400261,0.0023775111034356478,True
0000,P_20,0.47341338248422776,0.4759395237214703,0.0025261412372425407,True
0000,R_20,0.5004960773590293,0.5054260523549705,0.0049299749959411665,True
0000,F_20,0.4865781690646267,0.49023980563082314,0.0036616365661964467,True
0010,N_Acc,nan,nan,nan,False
0010,N_Comp,nan,nan,nan,False
0010,normals,nan,nan,nan,False
0010,CD_Acc,23.94215055900293,23.81769988055621,0.12445067844672053,True
0010,CD_Comp,27.307251467895746,27.095304100190614,0.21194736770513245,True
0010,chamferL2_old,25.62470101344934,25.45650199037341,0.16819902307592827,True
0010,chamfer-L1,51.24940202689868,50.91300398074682,0.33639804615185653,True
0010,chamfer-L2,2158.955502050578,2147.5058907078987,11.449611342679418,True
0010,P_5,0.13069106374841305,0.13164543962377406,0.0009543758753610132,True
0010,R_5,0.1471705319619715,0.15317083199786716,0.0060003000358956615,True
0010,F_5,0.13844211414215993,0.14159472983120336,0.003152615689043431,True
0010,P_10,0.2517586898667946,0.25366390033412006,0.0019052104673254466,True
0010,R_10,0.27569705066386074,0.28029704389424864,0.0045999932303879,True
0010,F_10,0.2631846539595633,0.2663162621719015,0.0031316082123382105,True
0010,P_20,0.47687453409990316,0.48075356740036157,0.003879033300458412,True
0010,R_20,0.4680568329832218,0.4716777397184426,0.003620906735220808,True
0010,F_20,0.47242454200700684,0.476172411255471,0.003747869248464153,True
0020,N_Acc,nan,nan,nan,False
0020,N_Comp,nan,nan,nan,False
0020,normals,nan,nan,nan,False
0020,CD_Acc,27.459573968552462,27.322039161901998,0.13753480665046425,True
0020,CD_Comp,27.123948322714178,26.92340022850846,0.20054809420571829,True
0020,chamferL2_old,27.29176114563332,27.122719695205227,0.16904145042809304,True
0020,chamfer-L1,54.58352229126664,54.24543939041045,0.3380829008561861,True
0020,chamfer-L2,2378.607453328108,2369.943717337297,8.663735990810892,True
0020,P_5,0.1152224977838179,0.11603136113247768,0.0008088633486597746,True
0020,R_5,0.13822788838150532,0.14347800325754897,0.0052501148760436545,True
0020,F_5,0.12568110708902866,0.1283032544869759,0.00262214739794725,True
0020,P_10,0.21604412358190217,0.21717118583851017,0.0011270622566079969,True
0020,R_10,0.26252066007836844,0.26649460465860164,0.003973944580233202,True
0020,F_10,0.23702557256714418,0.23931793585727693,0.002292363290132743,True
0020,P_20,0.4040763953323928,0.40584718519003976,0.0017707898576469483,True
0020,R_20,0.4624890872937773,0.46652684038880105,0.004037753095023744,True
0020,F_20,0.43131402535878965,0.4340766676581578,0.0027626422993681232,True
0030,N_Acc,nan,nan,nan,False
0030,N_Comp,nan,nan,nan,False
0030,normals,nan,nan,nan,False
0030,CD_Acc,25.478833267425685,25.427179966166978,0.05165330125870682,True
0030,CD_Comp,28.288345625250475,28.026924936388507,0.2614206888619677,True
0030,chamferL2_old,26.88358944633808,26.727052451277743,0.15653699506033547,True
0030,chamfer-L1,53.76717889267616,53.454104902555486,0.31307399012067094,True
0030,chamfer-L2,2324.984719629893,2309.720206916111,15.264512713782096,True
0030,P_5,0.11335397440343024,0.114033844783612,0.0006798703801817602,True
0030,R_5,0.13338799271839993,0.1386819534556243,0.005293960737224379,True
0030,F_5,0.12255766044744903,0.12515589816570036,0.0025982377182513228,True
0030,P_10,0.21653937615621968,0.21811825960223402,0.0015788834460143397,True
0030,R_10,0.2512871156317758,0.25495592825767566,0.0036688126258998532,True
0030,F_10,0.2326228044377577,0.23510284337603332,0.002480038938275614,True
0030,P_20,0.4288789575496855,0.4313097691873063,0.0024308116376207667,True
0030,R_20,0.4526779614530087,0.45701029608885757,0.004332334635848867,True
0030,F_20,0.4404572138877167,0.4437882538677735,0.0033310399800567936,True
0040,N_Acc,nan,nan,nan,False
0040,N_Comp,nan,nan,nan,False
0040,normals,nan,nan,nan,False
0040,CD_Acc,23.55243464179633,23.55678163105562,-0.004346989259289558,False
0040,CD_Comp,26.352273215747406,26.140776776253528,0.21149643949387809,True
0040,chamferL2_old,24.95235392877187,24.848779203654573,0.10357472511729782,True
0040,chamfer-L1,49.90470785754374,49.697558407309145,0.20714945023459563,True
0040,chamfer-L2,2073.5311704947126,2069.5291996040655,4.001970890647044,True
0040,P_5,0.13154029551734292,0.1314460353517827,-9.42601655602171e-05,False
0040,R_5,0.14466363027967347,0.15076060025636562,0.0060969699766921515,True
0040,F_5,0.13779019702699274,0.1404423616634621,0.002652164636469362,True
0040,P_10,0.2550107953682149,0.25556885306481536,0.0005580576966004447,True
0040,R_10,0.2812834224598931,0.2863989862859085,0.005115563826015412,True
0040,F_10,0.2675035713638136,0.27010702528660163,0.002603453922788046,True
0040,P_20,0.47673321465618956,0.47823340505234485,0.0015001903961552876,True
0040,R_20,0.49730774152808166,0.5014754658951922,0.004167724367110548,True
0040,F_20,0.48680318170777176,0.48957874470060037,0.0027755629928286063,True
0050,N_Acc,nan,nan,nan,False
0050,N_Comp,nan,nan,nan,False
0050,normals,nan,nan,nan,False
0050,CD_Acc,26.73945915222923,26.61908879709906,0.12037035513017003,True
0050,CD_Comp,26.700826260374676,26.577733268563,0.12309299181167432,True
0050,chamferL2_old,26.720142706301953,26.59841103283103,0.12173167347092217,True
0050,chamfer-L1,53.440285412603906,53.19682206566206,0.24346334694184435,True
0050,chamfer-L2,2280.1556313208107,2277.261255949308,2.8943753715025196,True
0050,P_5,0.11424836557038673,0.11429450719894069,4.6141628553958425e-05,True
0050,R_5,0.13701728274089003,0.1427790211849361,0.005761738444046066,True
0050,F_5,0.12460119967254353,0.1269586796218951,0.002357479949351579,True
0050,P_10,0.22192345400145283,0.22177063631422364,-0.00015281768722918976,False
0050,R_10,0.26601819787206227,0.27032991324193567,0.004311715369873403,True
0050,F_10,0.24197842947956938,0.2436544195226151,0.001675990043045722,True
0050,P_20,0.4191945788242944,0.42035785584508606,0.0011632770207916643,True
0050,R_20,0.4789822949543239,0.4820506031658837,0.003068308211559845,True
0050,F_20,0.44709853317190057,0.44909543108167627,0.0019968979097756967,True
0060,N_Acc,nan,nan,nan,False
0060,N_Comp,nan,nan,nan,False
0060,normals,nan,nan,nan,False
0060,CD_Acc,27.262352165023934,27.139392428294816,0.12295973672911842,True
0060,CD_Comp,29.178067226868468,28.88707183985232,0.2909953870161459,True
0060,chamferL2_old,28.220209695946203,28.01323213407357,0.20697756187263394,True
0060,chamfer-L1,56.440419391892405,56.02646426814714,0.4139551237452679,True
0060,chamfer-L2,2529.5578434992453,2515.2479057498085,14.309937749436813,True
0060,P_5,0.1111009192672546,0.11144030766767621,0.00033938840042160856,True
0060,R_5,0.1317061193835844,0.13701279006670478,0.005306670683120379,True
0060,F_5,0.12052921544569437,0.12291050197139416,0.0023812865256997995,True
0060,P_10,0.21556250083387812,0.21626671091779964,0.0007042100839215193,True
0060,R_10,0.24738865173013558,0.2518857043821298,0.004497052651994238,True
0060,F_10,0.23038161218313652,0.2327211866632641,0.0023395744801275875,True
0060,P_20,0.41687402436258353,0.4190746287574549,0.0022006043948713527,True
0060,R_20,0.4326343741037772,0.43854268754397296,0.005908313440195767,True
0060,F_20,0.4246080037250411,0.4285876940297061,0.003979690304664996,True
0070,N_Acc,nan,nan,nan,False
0070,N_Comp,nan,nan,nan,False
0070,normals,nan,nan,nan,False
0070,CD_Acc,23.397878436684735,23.317446943712763,0.08043149297197161,True
0070,CD_Comp,27.06073662518216,26.791796917240443,0.2689397079417155,True
0070,chamferL2_old,25.229307530933447,25.054621930476603,0.17468560045684356,True
0070,chamfer-L1,50.458615061866894,50.10924386095321,0.3493712009136871,True
0070,chamfer-L2,2160.3062330937587,2141.0808448009984,19.22538829276027,True
0070,P_5,0.12388456125745773,0.1246823650670948,0.0007978038096370793,True
0070,R_5,0.14683563383478315,0.15274526891351767,0.005909635078734515,True
0070,F_5,0.13438722640093273,0.1372944800608989,0.0029072536599661636,True
0070,P_10,0.2449921706209986,0.2467919367306892,0.0017997661096905981,True
0070,R_10,0.2857228864521919,0.2899606370832633,0.004237750631071402,True
0070,F_10,0.2637945512006304,0.2666403504801709,0.002845799279540484,True
0070,P_20,0.4868030366097798,0.4902692711740104,0.003466234564230619,True
0070,R_20,0.5030254178411727,0.5067650681834326,0.0037396503422598704,True
0070,F_20,0.4947812922448575,0.4983807093241306,0.0035994170792730817,True
0080,N_Acc,nan,nan,nan,False
0080,N_Comp,nan,nan,nan,False
0080,normals,nan,nan,nan,False
0080,CD_Acc,26.093910514541996,25.908827874577142,0.18508263996485397,True
0080,CD_Comp,27.253817528725445,26.890033530936922,0.36378399778852355,True
0080,chamferL2_old,26.67386402163372,26.39943070275703,0.27443331887668876,True
0080,chamfer-L1,53.34772804326744,52.79886140551406,0.5488666377533775,True
0080,chamfer-L2,2288.588814506137,2262.626114257194,25.962700248943293,True
0080,P_5,0.11336124764429457,0.11490747868979236,0.0015462310454977812,True
0080,R_5,0.1346827567376795,0.14124757489662296,0.0065648181589434695,True
0080,F_5,0.1231056189243324,0.12672326760825067,0.0036176486839182703,True
0080,P_10,0.22319721042676152,0.22583115905932025,0.0026339486325587247,True
0080,R_10,0.26665738699563923,0.2737954582050343,0.0071380712093950804,True
0080,F_10,0.24299939300475526,0.24751101536652217,0.004511622361766915,True
0080,P_20,0.43708307062065216,0.4408103975002525,0.003727326879600368,True
0080,R_20,0.4754133331576236,0.4848921876563628,0.009478854498739253,True
0080,F_20,0.45544315267465896,0.46180170912973245,0.006358556455073494,True
0090,N_Acc,nan,nan,nan,False
0090,N_Comp,nan,nan,nan,False
0090,normals,nan,nan,nan,False
0090,CD_Acc,27.632174683237725,27.47740655109481,0.15476813214291596,True
0090,CD_Comp,30.310992933854813,30.06858849937578,0.24240443447903104,True
0090,chamferL2_old,28.97158380854627,28.772997525235297,0.1985862833109735,True
0090,chamfer-L1,57.94316761709254,57.545995050470594,0.397172566621947,True
0090,chamfer-L2,2638.230044731804,2612.9156022360794,25.314442495724506,True
0090,P_5,0.1083400673861831,0.10867948077028433,0.00033941338410123367,True
0090,R_5,0.12571098793544921,0.13016310705847073,0.004452119123021514,True
0090,F_5,0.11638090574207656,0.11845507971722319,0.0020741739751466287,True
0090,P_10,0.2086814496247192,0.2097788719662521,0.0010974223415328999,True
0090,R_10,0.2373583379194664,0.24140841519718176,0.004050077277715364,True
0090,F_10,0.2220980433618444,0.22448498201981118,0.0023869386579667695,True
0090,P_20,0.4077138004711554,0.40998568728428203,0.0022718868131266223,True
0090,R_20,0.4170908153210897,0.42181068772223523,0.0047198724011455195,True
0090,F_20,0.41234900532857366,0.415814134098147,0.0034651287695733335,True
