method,sequence,frame,pred_file,gt_file,N_Acc,N_Comp,normals,CD_Acc,CD_Comp,chamferL2_old,chamfer-L1,chamfer-L2,P_5,R_5,F_5,P_10,R_10,F_10,P_20,R_20,F_20
cg_baseline,OrangeKettlebell,0000,/gpfs/work3/0/prjs0839/data/UVG_CWI_DQPC/UVG-CWI-DQPC/OrangeKettlebell/cg/15fps/OrangeKettlebell_UVG-CWI-DQPC_CG_15_0_169_0000.ply,/gpfs/work3/0/prjs0839/data/UVG_CWI_DQPC/UVG-CWI-DQPC/OrangeKettlebell/he/15fps/OrangeKettlebell_UVG-CWI-DQPC_HE_15_0_169_0000.ply,nan,nan,nan,23.617759213033505,26.488399366804423,25.053079289918962,50.106158579837924,2098.367986300955,0.12523735388445165,0.14140646620888223,0.1328316676827739,0.2417838275264892,0.27432219993479495,0.25702730813659047,0.47341338248422776,0.5004960773590293,0.4865781690646267
score_denoise_selected10,OrangeKettlebell,0000,/gpfs/home2/xzhou/code/PointCloudEnhancement/results/method_outputs/score_denoise_selected10/OrangeKettlebell/15fps/frame_0000.ply,/gpfs/work3/0/prjs0839/data/UVG_CWI_DQPC/UVG-CWI-DQPC/OrangeKettlebell/he/15fps/OrangeKettlebell_UVG-CWI-DQPC_HE_15_0_169_0000.ply,nan,nan,nan,23.46951200075952,26.618921244526586,25.044216622643052,50.088433245286105,2094.0086002693715,0.12484168123099926,0.13647297137358652,0.13039846804648406,0.2426547050250427,0.26797944941792856,0.2546890907531063,0.47755899797391743,0.49626347053520475,0.4867316033130346
cg_baseline,OrangeKettlebell,0010,/gpfs/work3/0/prjs0839/data/UVG_CWI_DQPC/UVG-CWI-DQPC/OrangeKettlebell/cg/15fps/OrangeKettlebell_UVG-CWI-DQPC_CG_15_0_169_0010.ply,/gpfs/work3/0/prjs0839/data/UVG_CWI_DQPC/UVG-CWI-DQPC/OrangeKettlebell/he/15fps/OrangeKettlebell_UVG-CWI-DQPC_HE_15_0_169_0010.ply,nan,nan,nan,23.94215055900293,27.307251467895746,25.62470101344934,51.24940202689868,2158.955502050578,0.13069106374841305,0.1471705319619715,0.13844211414215993,0.2517586898667946,0.27569705066386074,0.2631846539595633,0.47687453409990316,0.4680568329832218,0.47242454200700684
score_denoise_selected10,OrangeKettlebell,0010,/gpfs/home2/xzhou/code/PointCloudEnhancement/results/method_outputs/score_denoise_selected10/OrangeKettlebell/15fps/frame_0010.ply,/gpfs/work3/0/prjs0839/data/UVG_CWI_DQPC/UVG-CWI-DQPC/OrangeKettlebell/he/15fps/OrangeKettlebell_UVG-CWI-DQPC_HE_15_0_169_0010.ply,nan,nan,nan,23.39957307515982,27.603249812637152,25.501411443898487,51.002822887796974,2147.03840161842,0.13550012660088143,0.14225629500799608,0.13879604202634016,0.2602613113018289,0.2701856670596106,0.26513064970644157,0.49032078715647337,0.46234277889234937,0.4759209512395484
cg_baseline,OrangeKettlebell,0020,/gpfs/work3/0/prjs0839/data/UVG_CWI_DQPC/UVG-CWI-DQPC/OrangeKettlebell/cg/15fps/OrangeKettlebell_UVG-CWI-DQPC_CG_15_0_169_0020.ply,/gpfs/work3/0/prjs0839/data/UVG_CWI_DQPC/UVG-CWI-DQPC/OrangeKettlebell/he/15fps/OrangeKettlebell_UVG-CWI-DQPC_HE_15_0_169_0020.ply,nan,nan,nan,27.459573968552462,27.123948322714178,27.29176114563332,54.58352229126664,2378.607453328108,0.1152224977838179,0.13822788838150532,0.12568110708902866,0.21604412358190217,0.26252066007836844,0.23702557256714418,0.4040763953323928,0.4624890872937773,0.43131402535878965
score_denoise_selected10,OrangeKettlebell,0020,/gpfs/home2/xzhou/code/PointCloudEnhancement/results/method_outputs/score_denoise_selected10/OrangeKettlebell/15fps/frame_0020.ply,/gpfs/work3/0/prjs0839/data/UVG_CWI_DQPC/UVG-CWI-DQPC/OrangeKettlebell/he/15fps/OrangeKettlebell_UVG-CWI-DQPC_HE_15_0_169_0020.ply,nan,nan,nan,26.961890173045276,27.406754384311856,27.184322278678565,54.36864455735713,2373.3695675952586,0.11918748038204564,0.13530719863632087,0.12673682723128515,0.22379989859026672,0.2589879886686022,0.24011159819778827,0.4149210280325477,0.4591192518990284,0.43590263826832376
cg_baseline,OrangeKettlebell,0030,/gpfs/work3/0/prjs0839/data/UVG_CWI_DQPC/UVG-CWI-DQPC/OrangeKettlebell/cg/15fps/OrangeKettlebell_UVG-CWI-DQPC_CG_15_0_169_0030.ply,/gpfs/work3/0/prjs0839/data/UVG_CWI_DQPC/UVG-CWI-DQPC/OrangeKettlebell/he/15fps/OrangeKettlebell_UVG-CWI-DQPC_HE_15_0_169_0030.ply,nan,nan,nan,25.478833267425685,28.288345625250475,26.88358944633808,53.76717889267616,2324.984719629893,0.11335397440343024,0.13338799271839993,0.12255766044744903,0.21653937615621968,0.2512871156317758,0.2326228044377577,0.4288789575496855,0.4526779614530087,0.4404572138877167
score_denoise_selected10,OrangeKettlebell,0030,/gpfs/home2/xzhou/code/PointCloudEnhancement/results/method_outputs/score_denoise_selected10/OrangeKettlebell/15fps/frame_0030.ply,/gpfs/work3/0/prjs0839/data/UVG_CWI_DQPC/UVG-CWI-DQPC/OrangeKettlebell/he/15fps/OrangeKettlebell_UVG-CWI-DQPC_HE_15_0_169_0030.ply,nan,nan,nan,25.22777242509454,28.45694493543561,26.842358680265075,53.68471736053015,2327.4023047078135,0.11716652907909027,0.12973799451622264,0.12313221552848391,0.2246062912432695,0.247370788809348,0.23543954901452252,0.4382976925771356,0.44749939584794934,0.44285075034180693
cg_baseline,OrangeKettlebell,0040,/gpfs/work3/0/prjs0839/data/UVG_CWI_DQPC/UVG-CWI-DQPC/OrangeKettlebell/cg/15fps/OrangeKettlebell_UVG-CWI-DQPC_CG_15_0_169_0040.ply,/gpfs/work3/0/prjs0839/data/UVG_CWI_DQPC/UVG-CWI-DQPC/OrangeKettlebell/he/15fps/OrangeKettlebell_UVG-CWI-DQPC_HE_15_0_169_0040.ply,nan,nan,nan,23.55243464179633,26.352273215747406,24.95235392877187,49.90470785754374,2073.5311704947126,0.13154029551734292,0.14466363027967347,0.13779019702699274,0.2550107953682149,0.2812834224598931,0.2675035713638136,0.47673321465618956,0.49730774152808166,0.48680318170777176
score_denoise_selected10,OrangeKettlebell,0040,/gpfs/home2/xzhou/code/PointCloudEnhancement/results/method_outputs/score_denoise_selected10/OrangeKettlebell/15fps/frame_0040.ply,/gpfs/work3/0/prjs0839/data/UVG_CWI_DQPC/UVG-CWI-DQPC/OrangeKettlebell/he/15fps/OrangeKettlebell_UVG-CWI-DQPC_HE_15_0_169_0040.ply,nan,nan,nan,23.242401056147557,26.601902296108598,24.922151676128077,49.844303352256155,2080.465246684187,0.13532758455746494,0.1410174483859666,0.13811394015130563,0.2626960470756839,0.2777547239873873,0.27001559422169524,0.48742916418901555,0.4950147168964237,0.4911926561169195
cg_baseline,OrangeKettlebell,0050,/gpfs/work3/0/prjs0839/data/UVG_CWI_DQPC/UVG-CWI-DQPC/OrangeKettlebell/cg/15fps/OrangeKettlebell_UVG-CWI-DQPC_CG_15_0_169_0050.ply,/gpfs/work3/0/prjs0839/data/UVG_CWI_DQPC/UVG-CWI-DQPC/OrangeKettlebell/he/15fps/OrangeKettlebell_UVG-CWI-DQPC_HE_15_0_169_0050.ply,nan,nan,nan,26.73945915222923,26.700826260374676,26.720142706301953,53.440285412603906,2280.1556313208107,0.11424836557038673,0.13701728274089003,0.12460119967254353,0.22192345400145283,0.26601819787206227,0.24197842947956938,0.4191945788242944,0.4789822949543239,0.44709853317190057
score_denoise_selected10,OrangeKettlebell,0050,/gpfs/home2/xzhou/code/PointCloudEnhancement/results/method_outputs/score_denoise_selected10/OrangeKettlebell/15fps/frame_0050.ply,/gpfs/work3/0/prjs0839/data/UVG_CWI_DQPC/UVG-CWI-DQPC/OrangeKettlebell/he/15fps/OrangeKettlebell_UVG-CWI-DQPC_HE_15_0_169_0050.ply,nan,nan,nan,26.1089951557897,26.8406376183079,26.474816387048797,52.949632774097594,2257.425532911763,0.11947718571624508,0.13260576487273737,0.12569960451293782,0.2310417171120251,0.26212012674092466,0.2456016617129154,0.4317738873941071,0.4768043734939411,0.45317324160666334
cg_baseline,OrangeKettlebell,0060,/gpfs/work3/0/prjs0839/data/UVG_CWI_DQPC/UVG-CWI-DQPC/OrangeKettlebell/cg/15fps/OrangeKettlebell_UVG-CWI-DQPC_CG_15_0_169_0060.ply,/gpfs/work3/0/prjs0839/data/UVG_CWI_DQPC/UVG-CWI-DQPC/OrangeKettlebell/he/15fps/OrangeKettlebell_UVG-CWI-DQPC_HE_15_0_169_0060.ply,nan,nan,nan,27.262352165023934,29.178067226868468,28.220209695946203,56.440419391892405,2529.5578434992453,0.1111009192672546,0.1317061193835844,0.12052921544569437,0.21556250083387812,0.24738865173013558,0.23038161218313652,0.41687402436258353,0.4326343741037772,0.4246080037250411
score_denoise_selected10,OrangeKettlebell,0060,/gpfs/home2/xzhou/code/PointCloudEnhancement/results/method_outputs/score_denoise_selected10/OrangeKettlebell/15fps/frame_0060.ply,/gpfs/work3/0/prjs0839/data/UVG_CWI_DQPC/UVG-CWI-DQPC/OrangeKettlebell/he/15fps/OrangeKettlebell_UVG-CWI-DQPC_HE_15_0_169_0060.ply,nan,nan,nan,26.840751784199675,29.297015633718406,28.068883708959042,56.137767417918084,2510.398241867828,0.11470660831743405,0.1265566681040619,0.12034062020123265,0.2224686795372977,0.2433818265098324,0.23245583235039036,0.42636689303678404,0.4302199627377634,0.42828476201409316
cg_baseline,OrangeKettlebell,0070,/gpfs/work3/0/prjs0839/data/UVG_CWI_DQPC/UVG-CWI-DQPC/OrangeKettlebell/cg/15fps/OrangeKettlebell_UVG-CWI-DQPC_CG_15_0_169_0070.ply,/gpfs/work3/0/prjs0839/data/UVG_CWI_DQPC/UVG-CWI-DQPC/OrangeKettlebell/he/15fps/OrangeKettlebell_UVG-CWI-DQPC_HE_15_0_169_0070.ply,nan,nan,nan,23.397878436684735,27.06073662518216,25.229307530933447,50.458615061866894,2160.3062330937587,0.12388456125745773,0.14683563383478315,0.13438722640093273,0.2449921706209986,0.2857228864521919,0.2637945512006304,0.4868030366097798,0.5030254178411727,0.4947812922448575
score_denoise_selected10,OrangeKettlebell,0070,/gpfs/home2/xzhou/code/PointCloudEnhancement/results/method_outputs/score_denoise_selected10/OrangeKettlebell/15fps/frame_0070.ply,/gpfs/work3/0/prjs0839/data/UVG_CWI_DQPC/UVG-CWI-DQPC/OrangeKettlebell/he/15fps/OrangeKettlebell_UVG-CWI-DQPC_HE_15_0_169_0070.ply,nan,nan,nan,22.90786597333263,27.33931934865454,25.123592660993587,50.247185321987175,2164.043838020519,0.1314523002517294,0.14369370383909716,0.13730068851085192,0.25755683732730766,0.28006360090992094,0.268339111278458,0.5015004657984975,0.5004465577371867,0.5009729574859412
cg_baseline,OrangeKettlebell,0080,/gpfs/work3/0/prjs0839/data/UVG_CWI_DQPC/UVG-CWI-DQPC/OrangeKettlebell/cg/15fps/OrangeKettlebell_UVG-CWI-DQPC_CG_15_0_169_0080.ply,/gpfs/work3/0/prjs0839/data/UVG_CWI_DQPC/UVG-CWI-DQPC/OrangeKettlebell/he/15fps/OrangeKettlebell_UVG-CWI-DQPC_HE_15_0_169_0080.ply,nan,nan,nan,26.093910514541996,27.253817528725445,26.67386402163372,53.34772804326744,2288.588814506137,0.11336124764429457,0.1346827567376795,0.1231056189243324,0.22319721042676152,0.26665738699563923,0.24299939300475526,0.43708307062065216,0.4754133331576236,0.45544315267465896
score_denoise_selected10,OrangeKettlebell,0080,/gpfs/home2/xzhou/code/PointCloudEnhancement/results/method_outputs/score_denoise_selected10/OrangeKettlebell/15fps/frame_0080.ply,/gpfs/work3/0/prjs0839/data/UVG_CWI_DQPC/UVG-CWI-DQPC/OrangeKettlebell/he/15fps/OrangeKettlebell_UVG-CWI-DQPC_HE_15_0_169_0080.ply,nan,nan,nan,25.43041668137632,27.48418580461215,26.457301242994234,52.91460248598847,2272.3524475238614,0.12058773326273474,0.13270108024430793,0.12635475089966752,0.23434087275184712,0.2635485599282116,0.24808801108159445,0.45025063660653014,0.4740316779965135,0.46183522375683694
cg_baseline,OrangeKettlebell,0090,/gpfs/work3/0/prjs0839/data/UVG_CWI_DQPC/UVG-CWI-DQPC/OrangeKettlebell/cg/15fps/OrangeKettlebell_UVG-CWI-DQPC_CG_15_0_169_0090.ply,/gpfs/work3/0/prjs0839/data/UVG_CWI_DQPC/UVG-CWI-DQPC/OrangeKettlebell/he/15fps/OrangeKettlebell_UVG-CWI-DQPC_HE_15_0_169_0090.ply,nan,nan,nan,27.632174683237725,30.310992933854813,28.97158380854627,57.94316761709254,2638.230044731804,0.1083400673861831,0.12571098793544921,0.11638090574207656,0.2086814496247192,0.2373583379194664,0.2220980433618444,0.4077138004711554,0.4170908153210897,0.41234900532857366
score_denoise_selected10,OrangeKettlebell,0090,/gpfs/home2/xzhou/code/PointCloudEnhancement/results/method_outputs/score_denoise_selected10/OrangeKettlebell/15fps/frame_0090.ply,/gpfs/work3/0/prjs0839/data/UVG_CWI_DQPC/UVG-CWI-DQPC/OrangeKettlebell/he/15fps/OrangeKettlebell_UVG-CWI-DQPC_HE_15_0_169_0090.ply,nan,nan,nan,27.274008899551077,30.44469741117781,28.859353155364445,57.71870631072889,2624.9084472730474,0.11129848518051827,0.12164690510164738,0.11624283484048983,0.2146633430121076,0.23410451769807974,0.22396282257726355,0.4165650851914754,0.4162719022181505,0.41641844210032297
