variant,metric,baseline,igr,delta_for_better,igr_improved
igr100_50k_res64_sigma18_lam01,N_Acc,nan,nan,nan,False
igr100_50k_res64_sigma18_lam01,N_Comp,nan,nan,nan,False
igr100_50k_res64_sigma18_lam01,normals,nan,nan,nan,False
igr100_50k_res64_sigma18_lam01,CD_Acc,23.617759213033505,645.2074714652817,-621.5897122522482,False
igr100_50k_res64_sigma18_lam01,CD_Comp,26.488399366804423,74.56685048657386,-48.07845111976943,False
igr100_50k_res64_sigma18_lam01,chamferL2_old,25.053079289918962,359.8871609759278,-334.83408168600886,False
igr100_50k_res64_sigma18_lam01,chamfer-L1,50.106158579837924,719.7743219518557,-669.6681633720177,False
igr100_50k_res64_sigma18_lam01,chamfer-L2,2098.367986300955,609782.0088504129,-607683.640864112,False
igr100_50k_res64_sigma18_lam01,P_5,0.12523735388445165,0.0128,-0.11243735388445164,False
igr100_50k_res64_sigma18_lam01,R_5,0.14140646620888223,0.030626122223781707,-0.11078034398510052,False
igr100_50k_res64_sigma18_lam01,F_5,0.1328316676827739,0.01805431129421566,-0.11477735638855825,False
igr100_50k_res64_sigma18_lam01,P_10,0.2417838275264892,0.025075,-0.21670882752648918,False
igr100_50k_res64_sigma18_lam01,R_10,0.27432219993479495,0.08781163227710287,-0.18651056765769208,False
igr100_50k_res64_sigma18_lam01,F_10,0.25702730813659047,0.039010406014122326,-0.21801690212246816,False
igr100_50k_res64_sigma18_lam01,P_20,0.47341338248422776,0.0493,-0.42411338248422775,False
igr100_50k_res64_sigma18_lam01,R_20,0.5004960773590293,0.19091828648940462,-0.3095777908696247,False
igr100_50k_res64_sigma18_lam01,F_20,0.4865781690646267,0.07836432156336105,-0.40821384750126566,False
igr300_100k_res96_sigma08_lam01,N_Acc,nan,nan,nan,False
igr300_100k_res96_sigma08_lam01,N_Comp,nan,nan,nan,False
igr300_100k_res96_sigma08_lam01,normals,nan,nan,nan,False
igr300_100k_res96_sigma08_lam01,CD_Acc,23.617759213033505,72.46105286532003,-48.84329365228652,False
igr300_100k_res96_sigma08_lam01,CD_Comp,26.488399366804423,43.43745091459547,-16.94905154779105,False
igr300_100k_res96_sigma08_lam01,chamferL2_old,25.053079289918962,57.94925188995775,-32.89617260003879,False
igr300_100k_res96_sigma08_lam01,chamfer-L1,50.106158579837924,115.8985037799155,-65.79234520007758,False
igr300_100k_res96_sigma08_lam01,chamfer-L2,2098.367986300955,13421.17887307732,-11322.810886776366,False
igr300_100k_res96_sigma08_lam01,P_5,0.12523735388445165,0.06185,-0.06338735388445164,False
igr300_100k_res96_sigma08_lam01,R_5,0.14140646620888223,0.063125678944013,-0.07828078726486923,False
igr300_100k_res96_sigma08_lam01,F_5,0.1328316676827739,0.06248132877815811,-0.0703503389046158,False
igr300_100k_res96_sigma08_lam01,P_10,0.2417838275264892,0.125555,-0.11622882752648919,False
igr300_100k_res96_sigma08_lam01,R_10,0.27432219993479495,0.14000469018593992,-0.13431750974885504,False
igr300_100k_res96_sigma08_lam01,F_10,0.25702730813659047,0.132386725289427,-0.12464058284716348,False
igr300_100k_res96_sigma08_lam01,P_20,0.47341338248422776,0.250945,-0.2224683824842278,False
igr300_100k_res96_sigma08_lam01,R_20,0.5004960773590293,0.29018391600607346,-0.21031216135295588,False
igr300_100k_res96_sigma08_lam01,F_20,0.4865781690646267,0.26914179097879437,-0.21743637808583233,False
igr300_200k_res128_sigma05_lam005,N_Acc,nan,nan,nan,False
igr300_200k_res128_sigma05_lam005,N_Comp,nan,nan,nan,False
igr300_200k_res128_sigma05_lam005,normals,nan,nan,nan,False
igr300_200k_res128_sigma05_lam005,CD_Acc,23.617759213033505,484.3223228768555,-460.704563663822,False
igr300_200k_res128_sigma05_lam005,CD_Comp,26.488399366804423,33.56300308033432,-7.074603713529896,False
igr300_200k_res128_sigma05_lam005,chamferL2_old,25.053079289918962,258.9426629785949,-233.88958368867594,False
igr300_200k_res128_sigma05_lam005,chamfer-L1,50.106158579837924,517.8853259571898,-467.7791673773519,False
igr300_200k_res128_sigma05_lam005,chamfer-L2,2098.367986300955,392745.5276610052,-390647.15967470425,False
igr300_200k_res128_sigma05_lam005,P_5,0.12523735388445165,0.0276,-0.09763735388445165,False
igr300_200k_res128_sigma05_lam005,R_5,0.14140646620888223,0.0623169958523093,-0.07908947035657293,False
igr300_200k_res128_sigma05_lam005,F_5,0.1328316676827739,0.038256373430197596,-0.09457529425257631,False
igr300_200k_res128_sigma05_lam005,P_10,0.2417838275264892,0.054635,-0.1871488275264892,False
igr300_200k_res128_sigma05_lam005,R_10,0.27432219993479495,0.1781874675239822,-0.09613473241081275,False
igr300_200k_res128_sigma05_lam005,F_10,0.25702730813659047,0.08362828889930884,-0.17339901923728163,False
igr300_200k_res128_sigma05_lam005,P_20,0.47341338248422776,0.101455,-0.37195838248422775,False
igr300_200k_res128_sigma05_lam005,R_20,0.5004960773590293,0.3587547864315473,-0.14174129092748206,False
igr300_200k_res128_sigma05_lam005,F_20,0.4865781690646267,0.15817771777361572,-0.328400451291011,False
igr500_200k_res128_sigma08_lam01,N_Acc,nan,nan,nan,False
igr500_200k_res128_sigma08_lam01,N_Comp,nan,nan,nan,False
igr500_200k_res128_sigma08_lam01,normals,nan,nan,nan,False
igr500_200k_res128_sigma08_lam01,CD_Acc,23.617759213033505,469.85589173174225,-446.23813251870877,False
igr500_200k_res128_sigma08_lam01,CD_Comp,26.488399366804423,33.46430694507536,-6.9759075782709346,False
igr500_200k_res128_sigma08_lam01,chamferL2_old,25.053079289918962,251.6600993384088,-226.60702004848983,False
igr500_200k_res128_sigma08_lam01,chamfer-L1,50.106158579837924,503.3201986768176,-453.21404009697966,False
igr500_200k_res128_sigma08_lam01,chamfer-L2,2098.367986300955,367094.1203425339,-364995.75235623296,False
igr500_200k_res128_sigma08_lam01,P_5,0.12523735388445165,0.03274,-0.09249735388445166,False
igr500_200k_res128_sigma08_lam01,R_5,0.14140646620888223,0.07559602979720005,-0.06581043641168217,False
igr500_200k_res128_sigma08_lam01,F_5,0.1328316676827739,0.04569142916153452,-0.0871402385212394,False
igr500_200k_res128_sigma08_lam01,P_10,0.2417838275264892,0.0606,-0.1811838275264892,False
igr500_200k_res128_sigma08_lam01,R_10,0.27432219993479495,0.20397029079592807,-0.07035190913886688,False
igr500_200k_res128_sigma08_lam01,F_10,0.25702730813659047,0.0934390598811972,-0.16358824825539325,False
igr500_200k_res128_sigma08_lam01,P_20,0.47341338248422776,0.108605,-0.36480838248422776,False
igr500_200k_res128_sigma08_lam01,R_20,0.5004960773590293,0.4000037838273061,-0.10049229353172323,False
igr500_200k_res128_sigma08_lam01,F_20,0.4865781690646267,0.17082839433349262,-0.3157497747311341,False
