method,category,method_dir,decision,geometry_summary,CD_Acc_baseline,CD_Acc_method,CD_Acc_delta_for_better,CD_Comp_baseline,CD_Comp_method,CD_Comp_delta_for_better,chamfer-L1_baseline,chamfer-L1_method,chamfer-L1_delta_for_better,F_10_baseline,F_10_method,F_10_delta_for_better,F_20_baseline,F_20_method,F_20_delta_for_better,yuv_psnr_mean_baseline,yuv_psnr_mean_method,yuv_psnr_mean_delta_for_better,projection_ssim_mean_baseline,projection_ssim_mean_method,projection_ssim_mean_delta_for_better,projection_lpips_mean_baseline,projection_lpips_mean_method,projection_lpips_mean_delta_for_better,pcqm_baseline,pcqm_method,pcqm_delta_for_better
PointCleanNet,Denoising,pointcleannet_selected10,Candidate,/gpfs/home2/xzhou/code/PointCloudEnhancement/results/uvg_cwi_dqpc/OrangeKettlebell/pointcleannet_selected10/summary_metrics.csv,25.517652660152855,25.4359448294341,0.08170783071875576,27.60646585734178,27.074636177870946,0.5318296794708353,53.12411851749463,52.51058100730504,0.6135375101895875,0.2458615939694805,0.256220566257268,0.01035897228778751,0.45518571191709434,0.4599415389898495,0.004755827072755181,21.170754385288113,21.2200706012733,0.04931621598518632,0.6190367089038592,0.6155117581786047,-0.0035249507252544943,0.4684055795272192,0.49822708020607626,-0.029821500678857082,0.1147357,0.1138534,-0.0008823000000000025
Pointfilter,Denoising,pointfilter_selected10,Negative baseline,/gpfs/home2/xzhou/code/PointCloudEnhancement/results/uvg_cwi_dqpc/OrangeKettlebell/pointfilter_selected10/summary_metrics.csv,25.517652660152855,24.787778568924104,0.7298740912287514,27.60646585734178,35.69822869078429,-8.091762833442509,53.12411851749463,60.4860072597084,-7.361888742213772,0.2458615939694805,0.21192293432744602,-0.03393865964203449,0.45518571191709434,0.39516220127408314,-0.0600235106430112,21.170754385288113,21.33469352418527,0.16393913889715606,0.6190367089038592,0.6077015393121629,-0.011335169591696337,0.4684055795272192,0.4889408136407535,-0.020535234113534306,0.1147357,0.11256019999999997,-0.0021755000000000246
MAG,Denoising,mag_selected10,Candidate,/gpfs/home2/xzhou/code/PointCloudEnhancement/results/uvg_cwi_dqpc/OrangeKettlebell/mag_selected10/summary_metrics.csv,25.517652660152855,25.087147861247846,0.4305047989050088,27.60646585734178,27.80769168361467,-0.2012258262728892,53.12411851749463,52.89483954486252,0.22927897263210895,0.2458615939694805,0.24839041778702398,0.002528823817543463,0.45518571191709434,0.459355543077519,0.004169831160424686,21.170754385288113,21.1778857253793,0.007131340091188321,0.6190367089038592,0.6188868237849416,-0.00014988511891755874,0.4684055795272192,0.46880911340316134,-0.0004035338759421636,0.1147357,0.1141017,-0.0006339999999999957
Score-Denoise,Denoising,score_denoise_selected10,Candidate,/gpfs/home2/xzhou/code/PointCloudEnhancement/results/uvg_cwi_dqpc/OrangeKettlebell/score_denoise_selected10/summary_metrics.csv,25.517652660152855,25.08631872244561,0.4313339377072438,27.60646585734178,27.809362848949057,-0.20289699160727537,53.12411851749463,52.89568157139466,0.22843694609996845,0.2458615939694805,0.24838339208941757,0.002521798119937052,0.45518571191709434,0.45932832262434903,0.00414261070725469,21.170754385288113,21.17839232719825,0.007637941910136448,0.6190367089038592,0.6189199963777323,-0.0001167125261268831,0.4684055795272192,0.4685332079728445,-0.00012762844562530518,0.1147357,0.1141065,-0.0006291999999999964
P2P-Bridge,Denoising,p2p_bridge_pvds_punet_selected10,Candidate,/gpfs/home2/xzhou/code/PointCloudEnhancement/results/uvg_cwi_dqpc/OrangeKettlebell/p2p_bridge_pvds_punet_selected10/summary_metrics.csv,25.517652660152855,23.783172587054302,1.7344800730985526,27.60646585734178,27.872661158536886,-0.26619530119510415,53.12411851749463,51.65583374559119,1.4682847719034413,0.2458615939694805,0.256636094198161,0.010774500228680511,0.45518571191709434,0.4732616192716287,0.01807590735453435,21.170754385288113,21.635153911600348,0.4643995263122349,0.6190367089038592,0.6149854153185143,-0.0040512935853449505,0.4684055795272192,0.4751443689068159,-0.00673878937959671,0.1147357,0.10142359999999999,-0.013312100000000007
PathNet,Denoising,pathnet_chunked_selected10,Included / weak-mixed,/gpfs/home2/xzhou/code/PointCloudEnhancement/results/uvg_cwi_dqpc/OrangeKettlebell/pathnet_chunked_selected10/summary_metrics.csv,25.517652660152855,25.526143439210585,-0.008490779057730435,27.60646585734178,27.65684011383321,-0.050374256491426905,53.12411851749463,53.1829835530438,-0.058865035549168,0.2458615939694805,0.2464522600100536,0.0005906660405730901,0.45518571191709434,0.4563661375022413,0.0011804255851469714,21.170754385288113,21.1776497991536,0.006895413865485978,0.6190367089038592,0.6163731277009294,-0.0026635812029297545,0.4684055795272192,0.47804118494192754,-0.00963560541470837,0.1147357,0.1149862,0.0002505000000000007
GQE-Net,Color / texture enhancement,gqenet_selected10,Candidate for texture,/gpfs/home2/xzhou/code/PointCloudEnhancement/results/uvg_cwi_dqpc/OrangeKettlebell/gqenet_selected10/summary_metrics.csv,25.517652660152855,25.51765265830818,1.844675523443584e-09,27.60646585734178,27.60646596303536,-1.0569358011025543e-07,53.12411851749463,53.12411862134354,-1.038489116922392e-07,0.2458615939694805,0.24586159031243832,-3.657042196847371e-09,0.45518571191709434,0.45518572969459337,1.777749902842629e-08,21.170754385288113,21.23105528603996,0.06030090075184802,0.6190367089038592,0.6199869626555502,0.0009502537516909992,0.4684055795272192,0.4674179072181384,0.000987672309080756,0.1147357,0.1155723,0.0008366000000000068
Octree upsample-clean,Joint upsampling / cleaning,upsample_clean_ounet_selected10,Candidate,/gpfs/home2/xzhou/code/PointCloudEnhancement/results/uvg_cwi_dqpc/OrangeKettlebell/upsample_clean_ounet_selected10/summary_metrics.csv,25.517652660152855,23.264428612987423,2.253224047165432,27.60646585734178,27.18431298493103,0.42215287241075217,53.12411851749463,50.44874159791845,2.6753769195761805,0.2458615939694805,0.284492918798389,0.03863132482890849,0.45518571191709434,0.4937007541075517,0.03851504219045737,21.170754385288113,21.25375915429361,0.08300476900549825,0.6190367089038592,0.5345964802632266,-0.08444022864063261,0.4684055795272192,0.6732012162605922,-0.20479563673337298,0.1147357,0.1053873,-0.009348399999999993
PU-Flow,Upsampling,puflow_discrete_selected10,Candidate,/gpfs/home2/xzhou/code/PointCloudEnhancement/results/uvg_cwi_dqpc/OrangeKettlebell/puflow_discrete_selected10/summary_metrics.csv,25.517652660152855,25.199674979334123,0.317977680818732,27.60646585734178,25.481628903427634,2.124836953914148,53.12411851749463,50.68130388276175,2.4428146347328763,0.2458615939694805,0.2591057579355355,0.013244163966054961,0.45518571191709434,0.4789100094576252,0.023724297540530848,21.170754385288113,21.07075988961369,-0.09999449567442298,0.6190367089038592,0.8631550639868015,0.24411835508294233,0.4684055795272192,0.1932157024430732,0.275189877084146,0.1147357,0.10048913,-0.01424657
PC2-PU,Upsampling,pc2pu_4x_chunks256_selected10,Candidate / weak-positive geometry,/gpfs/home2/xzhou/code/PointCloudEnhancement/results/uvg_cwi_dqpc/OrangeKettlebell/pc2pu_4x_chunks256_selected10/summary_metrics.csv,25.517652660152855,25.456644172892258,0.06100848726059738,27.60646585734178,27.64371077271416,-0.03724491537237995,53.12411851749463,53.10035494560641,0.023763571888217427,0.2458615939694805,0.24653171025268644,0.0006701162832059293,0.45518571191709434,0.45562675609354486,0.0004410441764505224,21.170754385288113,21.174253479437844,0.0034990941497312633,0.6190367089038592,0.6324029299033254,0.01336622099946616,0.4684055795272192,0.4182829216122627,0.05012265791495646,0.1147357,0.1147413,5.600000000008376e-06
Neural Points,Arbitrary upsampling,neuralpoints_16x_2048_selected10,Mixed / fixed-size domain transfer,/gpfs/home2/xzhou/code/PointCloudEnhancement/results/uvg_cwi_dqpc/OrangeKettlebell/neuralpoints_16x_2048_selected10/summary_metrics.csv,25.517652660152855,25.730723813611256,-0.21307115345840089,27.60646585734178,27.182946227196815,0.4235196301449662,53.12411851749463,52.91367004080807,0.2104484766865582,0.2458615939694805,0.25030462867457837,0.004443034705097854,0.45518571191709434,0.4809888405451986,0.025803128628104244,21.170754385288113,20.885284837508927,-0.28546954777918643,0.6190367089038592,0.580291602460256,-0.03874510644360318,0.4684055795272192,0.6882399062315623,-0.2198343267043431,0.1147357,0.1196168,0.004881099999999999
SPU,Upsampling,spu_pointnet_4x_selected10,Candidate,/gpfs/home2/xzhou/code/PointCloudEnhancement/results/uvg_cwi_dqpc/OrangeKettlebell/spu_pointnet_4x_selected10/summary_metrics.csv,25.517652660152855,25.561705072242525,-0.0440524120896697,27.60646585734178,26.91814045460717,0.6883254027346126,53.12411851749463,52.479845526849694,0.6442729906449358,0.2458615939694805,0.2517948512876202,0.005933257318139679,0.45518571191709434,0.4609433636691184,0.005757651752024084,21.170754385288113,21.167825811117723,-0.0029285741703901635,0.6190367089038592,0.6345684652582666,0.0155317563544074,0.4684055795272192,0.4213408470153809,0.04706473251183829,0.1147357,0.11491399999999999,0.00017829999999999235
RepKPU,Upsampling,repkpu_pu1k_4x_selected10,Candidate,/gpfs/home2/xzhou/code/PointCloudEnhancement/results/uvg_cwi_dqpc/OrangeKettlebell/repkpu_pu1k_4x_selected10/summary_metrics.csv,25.517652660152855,25.328245669988387,0.18940699016446771,27.60646585734178,27.22677517705474,0.379690680287041,53.12411851749463,52.55502084704314,0.569097670451491,0.2458615939694805,0.24945099411781402,0.0035894001483335047,0.45518571191709434,0.4602679327272736,0.005082220810179283,21.170754385288113,21.14714745665571,-0.02360692863240388,0.6190367089038592,0.6386681873496138,0.019631478445754635,0.4684055795272192,0.4069394774734974,0.06146610205372177,0.1147357,0.1149966,0.00026090000000000835
SnowflakeNet-PU,Upsampling,snowflakenet_pu_4x_selected10,Candidate,/gpfs/home2/xzhou/code/PointCloudEnhancement/results/uvg_cwi_dqpc/OrangeKettlebell/snowflakenet_pu_4x_selected10/summary_metrics.csv,25.517652660152855,25.237652324627287,0.2800003355255676,27.60646585734178,27.178030161530227,0.4284356958115545,53.12411851749463,52.415682486157515,0.708436031337115,0.2458615939694805,0.25085455616695745,0.004992962197476941,0.45518571191709434,0.4616047486272194,0.006419036710125059,21.170754385288113,21.153213849269836,-0.01754053601827721,0.6190367089038592,0.6405713198160131,0.021534610912153918,0.4684055795272192,0.4038865379989147,0.06451904152830445,0.1147357,0.11484540000000001,0.00010970000000001812
PU-Gaussian,Upsampling,pu_gaussian_pu1k_4x_selected10,Candidate,/gpfs/home2/xzhou/code/PointCloudEnhancement/results/uvg_cwi_dqpc/OrangeKettlebell/pu_gaussian_pu1k_4x_selected10/summary_metrics.csv,25.517652660152855,25.151866000286013,0.365786659866842,27.60646585734178,27.44631642880077,0.16014942854101122,53.12411851749463,52.59818242908678,0.5259360884078461,0.2458615939694805,0.2506037242326591,0.004742130263178573,0.45518571191709434,0.4612038941994154,0.0060181822823210385,21.170754385288113,21.154374801265867,-0.016379584022246263,0.6190367089038592,0.6388961278701502,0.019859418966290954,0.4684055795272192,0.4023988793293635,0.06600670019785565,0.1147357,0.1150728,0.00033710000000000684
Grad-PU chunked,Upsampling,gradpu_chunked_4x_selected10,Candidate / non-default chunked,/gpfs/home2/xzhou/code/PointCloudEnhancement/results/uvg_cwi_dqpc/OrangeKettlebell/gradpu_chunked_4x_selected10/summary_metrics.csv,25.517652660152855,25.410761600049295,0.10689106010356042,27.60646585734178,27.359553335209068,0.24691252213271397,53.12411851749463,52.770314935258355,0.3538035822362744,0.2458615939694805,0.2485260839984223,0.002664490028941785,0.45518571191709434,0.4587535560776218,0.003567844160527467,21.170754385288113,21.178560541366927,0.007806156078814297,0.6190367089038592,0.6341413541052845,0.015104645201425293,0.4684055795272192,0.4202008284628391,0.04820475106438005,0.1147357,0.11471639999999998,-1.930000000001375e-05
PUFM,Upsampling,pufm_pugan_4x_selected10,Candidate,/gpfs/home2/xzhou/code/PointCloudEnhancement/results/uvg_cwi_dqpc/OrangeKettlebell/pufm_pugan_4x_selected10/summary_metrics.csv,25.517652660152855,26.171811358137923,-0.6541586979850678,27.60646585734178,26.587916115106776,1.018549742235006,53.12411851749463,52.759727473244695,0.36439104424993474,0.2458615939694805,0.24757887829961298,0.0017172843301324625,0.45518571191709434,0.458572088097111,0.003386376180016637,21.170754385288113,21.133895554130685,-0.03685883115742783,0.6190367089038592,0.6460189383132855,0.026982229409426295,0.4684055795272192,0.426618538548549,0.0417870409786702,0.1147357,0.11633879999999999,0.0016030999999999962
PUDM,Upsampling,pudm_pu1k_4x_selected10,Mixed / likely negative,/gpfs/home2/xzhou/code/PointCloudEnhancement/results/uvg_cwi_dqpc/OrangeKettlebell/pudm_pu1k_4x_selected10/summary_metrics.csv,25.517652660152855,25.493086055467195,0.024566604685659854,27.60646585734178,28.190075259360196,-0.5836094020184142,53.12411851749463,53.683161314827395,-0.559042797332765,0.2458615939694805,0.2437900875049368,-0.00207150646454371,0.45518571191709434,0.4508085497814334,-0.004377162135660917,21.170754385288113,21.189381749051186,0.01862736376307339,0.6190367089038592,0.6300537037518426,0.011016994847983352,0.4684055795272192,0.42505808522303906,0.04334749430418011,0.1147357,0.11459109999999999,-0.0001446000000000086
SPU-PMD,Upsampling,spupmd_pu1k_4x_selected10,Candidate,/gpfs/home2/xzhou/code/PointCloudEnhancement/results/uvg_cwi_dqpc/OrangeKettlebell/spupmd_pu1k_4x_selected10/summary_metrics.csv,25.517652660152855,25.133263280028892,0.38438938012396306,27.60646585734178,27.480733245267167,0.12573261207461428,53.12411851749463,52.61399652529606,0.5101219921985702,0.2458615939694805,0.2493448525264185,0.003483258556937985,0.45518571191709434,0.4600952829616817,0.004909571044587335,21.170754385288113,21.183920458576768,0.013166073288655156,0.6190367089038592,0.6359262391008039,0.016889530196944724,0.4684055795272192,0.4118156279126802,0.05658995161453895,0.1147357,0.11445919999999998,-0.00027650000000001285
PUCRN,Upsampling,pucrn_pu1k_4x_selected10,Candidate,/gpfs/home2/xzhou/code/PointCloudEnhancement/results/uvg_cwi_dqpc/OrangeKettlebell/pucrn_pu1k_4x_selected10/summary_metrics.csv,25.517652660152855,25.483770766368842,0.03388189378401307,27.60646585734178,26.53889599353507,1.0675698638067104,53.12411851749463,52.02266675990391,1.1014517575907163,0.2458615939694805,0.2542786843170558,0.00841709034757529,0.45518571191709434,0.4646000992180106,0.00941438730091626,21.170754385288113,21.17437546161983,0.003621076331718598,0.6190367089038592,0.6379231978719396,0.018886488968080428,0.4684055795272192,0.4252750481168429,0.04313053141037626,0.1147357,0.11483009999999998,9.439999999998061e-05
CRCIR after-compression 4x,Compression-derived enhancement,crcir_aftercomp_4x_selected10,Candidate,/gpfs/home2/xzhou/code/PointCloudEnhancement/results/uvg_cwi_dqpc/OrangeKettlebell/crcir_aftercomp_4x_selected10/summary_metrics.csv,25.517652660152855,25.12108782869251,0.3965648314603456,27.60646585734178,27.212062230234256,0.3944036271075255,53.12411851749463,52.333150058926776,0.7909684585678534,0.2458615939694805,0.2524953019797018,0.006633708010221312,0.45518571191709434,0.4630607889537167,0.00787507703662238,21.170754385288113,21.1225723813883,-0.04818200389981442,0.6190367089038592,0.63289916429294,0.013862455389080819,0.4684055795272192,0.4230139426887035,0.04539163683851566,0.1147357,0.1155413,0.0008056000000000035
BPA,Traditional reconstruction,traditional_bpa,Optional baseline,/gpfs/home2/xzhou/code/PointCloudEnhancement/results/uvg_cwi_dqpc/OrangeKettlebell/traditional_bpa/summary_metrics.csv,25.517652660152855,24.265289325868,1.2523633342848548,27.60646585734178,28.817121126830195,-1.210655269488413,53.12411851749463,53.0824104526982,0.04170806479643119,0.2458615939694805,0.25003270682864837,0.004171112859167853,0.45518571191709434,0.46166192778184334,0.006476215864749002,21.170754385288113,,,0.6190367089038592,,,0.4684055795272192,,,0.1147357,,
SPSR,Traditional reconstruction,traditional_spsr,Optional baseline,/gpfs/home2/xzhou/code/PointCloudEnhancement/results/uvg_cwi_dqpc/OrangeKettlebell/traditional_spsr/summary_metrics.csv,25.517652660152855,30.77155000975345,-5.253897349600596,27.60646585734178,25.89751313403294,1.7089527233088404,53.12411851749463,56.669063143786374,-3.544944626291745,0.2458615939694805,0.24849135614707882,0.002629762177598305,0.45518571191709434,0.4633099747754317,0.008124262858337339,21.170754385288113,,,0.6190367089038592,,,0.4684055795272192,,,0.1147357,,
SOR,Traditional filtering,geometry_filter_sor,Negative baseline,/gpfs/home2/xzhou/code/PointCloudEnhancement/results/uvg_cwi_dqpc/OrangeKettlebell/geometry_filter_sor/summary_metrics.csv,25.517652660152855,25.50417031691912,0.013482343233736316,27.60646585734178,30.008357779544884,-2.4018919222031023,53.12411851749463,55.512528096463996,-2.388409578969366,0.2458615939694805,0.23527298792131884,-0.01058860604816167,0.45518571191709434,0.43803144652105397,-0.01715426539604037,21.170754385288113,,,0.6190367089038592,,,0.4684055795272192,,,0.1147357,,
SAL,Implicit reconstruction,sal_selected10,Negative,/gpfs/home2/xzhou/code/PointCloudEnhancement/results/uvg_cwi_dqpc/OrangeKettlebell/sal_selected10/summary_metrics.csv,25.517652660152855,49.27426451030995,-23.756611850157093,27.60646585734178,146.26933045924093,-118.66286460189914,53.12411851749463,195.54359496955087,-142.41947645205624,0.2458615939694805,0.10987947465026322,-0.13598211931921728,0.45518571191709434,0.21665491754347813,-0.2385307943736162,21.170754385288113,,,0.6190367089038592,,,0.4684055795272192,,,0.1147357,,
Points2Surf,Implicit reconstruction,points2surf,Negative,/gpfs/home2/xzhou/code/PointCloudEnhancement/results/uvg_cwi_dqpc/OrangeKettlebell/points2surf/summary_metrics.csv,25.517652660152855,31.300736439211715,-5.78308377905886,27.60646585734178,47.176793466162515,-19.570327608820733,53.12411851749463,78.47752990537424,-25.35341138787961,0.2458615939694805,0.16499823196030547,-0.08086336200917504,0.45518571191709434,0.3186359202212254,-0.13654979169586895,21.170754385288113,,,0.6190367089038592,,,0.4684055795272192,,,0.1147357,,
PoinTr,Completion,pointr_shapenet55,Negative domain transfer,/gpfs/home2/xzhou/code/PointCloudEnhancement/results/uvg_cwi_dqpc/OrangeKettlebell/pointr_shapenet55/summary_metrics.csv,25.517652660152855,26.21849663821165,-0.7008439780587956,27.60646585734178,38.552719433023185,-10.946253575681403,53.12411851749463,64.77121607123485,-11.647097553740217,0.2458615939694805,0.09966068378167033,-0.14620091018781017,0.45518571191709434,0.34000434041251637,-0.11518137150457797,21.170754385288113,,,0.6190367089038592,,,0.4684055795272192,,,0.1147357,,
